"Name","Team","Bye Week","Pos","Half","PPR","Std","2QB"
"Ja'Marr Chase","CIN","10","WR","1.02","1.02","1.02","1.04"
"Saquon Barkley","PHI","9","RB","1.03","1.02","1.02","1.11"
"Bijan Robinson","ATL","5","RB","1.03","1.04","1.03","1.06"
"Justin Jefferson","MIN","6","WR","1.04","1.04","1.05","1.06"
"Jahmyr Gibbs","DET","8","RB","1.06","1.06","1.05","1.07"
"CeeDee Lamb","DAL","10","WR","1.06","1.07","1.06","1.12"
"Puka Nacua","LAR","8","WR","1.07","1.08","1.07","2.03"
"Amon-Ra St. Brown","DET","8","WR","1.07","1.07","1.09","2.03"
"Derrick Henry","BAL","7","RB","1.10","1.11","1.10","2.09"
"Malik Nabers","NYG","14","WR","1.11","1.09","1.09","2.02"
"Ashton Jeanty","LV","8","RB","1.12","1.11","1.12","2.02"
"Nico Collins","HOU","6","WR","1.12","2.01","2.01","2.11"
"Christian McCaffrey","SF","14","RB","2.02","2.01","2.02","2.06"
"Brian Thomas Jr.","JAX","8","WR","2.02","2.02","2.01","2.09"
"De'Von Achane","MIA","12","RB","2.03","2.04","2.04","2.12"
"Brock Bowers","LV","8","TE","2.04","2.04","2.03","2.01"
"Drake London","ATL","5","WR","2.05","2.05","2.06","2.11"
"A.J. Brown","PHI","9","WR","2.06","2.07","2.08","3.03"
"Bucky Irving","TB","9","RB","2.08","2.07","2.06","3.01"
"Josh Jacobs","GB","5","RB","2.08","2.09","2.08","3.07"
"Josh Allen","BUF","7","QB","2.10","2.09","2.11","1.02"
"Jonathan Taylor","IND","11","RB","2.11","2.11","2.12","3.05"
"Lamar Jackson","BAL","7","QB","2.11","2.12","3.01","1.03"
"Ladd McConkey","LAC","12","WR","2.12","2.11","2.10","3.02"
"Trey McBride","ARI","8","TE","3.01","3.01","2.12","2.07"
"Kyren Williams","LAR","8","RB","3.02","3.04","3.03","3.07"
"Jaxon Smith-Njigba","SEA","8","WR","3.03","3.03","3.02","3.11"
"Chase Brown","CIN","10","RB","3.04","3.06","3.04","4.02"
"Tyreek Hill","MIA","12","WR","3.06","3.03","3.05","4.08"
"Jayden Daniels","WAS","12","QB","3.07","3.07","3.07","1.05"
"Tee Higgins","CIN","10","WR","3.07","3.06","3.08","4.06"
"Breece Hall","NYJ","9","RB","3.07","3.09","3.10","3.11"
"Garrett Wilson","NYJ","9","WR","3.10","3.07","3.08","3.12"
"James Cook","BUF","7","RB","3.11","3.11","3.11","4.07"
"Marvin Harrison Jr.","ARI","8","WR","3.11","3.12","3.12","3.09"
"Terry McLaurin","WAS","12","WR","4.01","3.11","3.11","4.10"
"Mike Evans","TB","9","WR","4.02","4.02","4.01","5.02"
"George Kittle","SF","14","TE","4.02","4.03","4.02","4.03"
"Omarion Hampton","LAC","12","RB","4.04","4.09","4.03","4.03"
"Jalen Hurts","PHI","9","QB","4.04","4.04","4.04","1.10"
"Davante Adams","LAR","8","WR","4.05","4.06","4.07","5.12"
"Alvin Kamara","NO","11","RB","4.06","4.05","4.09","5.01"
"Joe Burrow","CIN","10","QB","4.08","4.04","4.08","1.07"
"Rashee Rice","KC","10","WR","4.08","4.08","4.06","4.08"
"Kenneth Walker III","SEA","8","RB","4.10","4.09","4.09","5.06"
"Chuba Hubbard","CAR","14","RB","4.10","4.11","4.11","5.08"
"Joe Mixon","HOU","6","RB","4.11","5.03","4.11","5.11"
"DJ Moore","CHI","5","WR","4.11","4.11","5.01","6.02"
"DK Metcalf","PIT","5","WR","5.01","4.12","5.02","6.07"
"James Conner","ARI","8","RB","5.02","5.04","5.04","6.10"
"Courtland Sutton","DEN","12","WR","5.03","5.02","5.02","7.04"
"Sam LaPorta","DET","8","TE","5.04","5.01","5.05","4.11"
"DeVonta Smith","PHI","9","WR","5.05","5.05","5.06","6.04"
"Zay Flowers","BAL","7","WR","5.06","5.06","5.05","7.03"
"David Montgomery","DET","8","RB","5.07","5.08","5.07","7.05"
"Xavier Worthy","KC","10","WR","5.08","5.07","5.09","6.08"
"RJ Harvey","DEN","12","RB","5.09","6.01","5.11","6.05"
"Jameson Williams","DET","8","WR","5.11","5.11","5.10","7.07"
"T.J. Hockenson","MIN","6","TE","5.12","5.10","5.11","6.11"
"Tetairoa McMillan","CAR","14","WR","6.01","6.03","6.01","5.08"
"George Pickens","DAL","10","WR","6.02","6.01","6.02","7.07"
"Isiah Pacheco","KC","10","RB","6.03","6.04","6.02","7.12"
"Patrick Mahomes","KC","10","QB","6.03","5.10","6.05","2.07"
"TreVeyon Henderson","NE","14","RB","6.03","6.05","6.03","5.09"
"Travis Hunter","JAX","8","WR","6.06","6.03","6.06","6.03"
"Aaron Jones","MIN","6","RB","6.07","6.10","6.08","8.07"
"Jaylen Waddle","MIA","12","WR","6.07","6.07","6.09","8.03"
"Quinshon Judkins","CLE","9","RB","6.08","6.11","6.06","6.11"
"Chris Olave","NO","11","WR","6.10","6.10","6.09","8.01"
"Jordan Addison","MIN","6","WR","6.10","6.12","6.10","8.03"
"D'Andre Swift","CHI","5","RB","6.11","7.02","7.03","8.01"
"Tony Pollard","TEN","10","RB","6.12","7.05","7.01","8.11"
"Jerry Jeudy","CLE","9","WR","7.02","7.01","6.11","8.07"
"Travis Kelce","KC","10","TE","7.03","6.06","7.05","7.08"
"Baker Mayfield","TB","9","QB","7.04","6.09","7.03","3.07"
"Calvin Ridley","TEN","10","WR","7.05","7.04","7.05","8.11"
"Chris Godwin","TB","9","WR","7.06","7.06","6.11","9.01"
"Kaleb Johnson","PIT","5","RB","7.07","7.09","7.08","7.10"
"Rome Odunze","CHI","5","WR","7.07","7.07","7.07","7.09"
"Brian Robinson Jr.","WAS","12","RB","7.08","7.12","7.08","9.03"
"Tyrone Tracy Jr.","NYG","14","RB","7.10","8.02","7.08","9.08"
"Mark Andrews","BAL","7","TE","7.11","7.08","7.10","8.09"
"Bo Nix","DEN","12","QB","7.12","7.04","8.02","3.05"
"Jakobi Meyers","LV","8","WR","8.01","7.10","8.01","9.08"
"Khalil Shakir","BUF","7","WR","8.01","7.12","7.11","10.08"
"Deebo Samuel Sr.","WAS","12","WR","8.03","8.02","8.04","10.03"
"Jaylen Warren","PIT","5","RB","8.03","8.08","8.04","10.06"
"Travis Etienne Jr.","JAX","8","RB","8.04","8.09","8.06","9.07"
"Evan Engram","DEN","12","TE","8.05","8.04","8.08","9.05"
"Cooper Kupp","SEA","8","WR","8.07","8.03","8.09","10.10"
"Stefon Diggs","NE","14","WR","8.07","8.07","8.11","11.03"
"Jonnu Smith","PIT","5","TE","8.08","8.06","8.03","9.10"
"Kyler Murray","ARI","8","QB","8.10","9.01","9.01","4.10"
"Jayden Reed","GB","5","WR","8.11","9.04","8.12","10.10"
"David Njoku","CLE","9","TE","8.11","8.11","9.03","10.01"
"Ricky Pearsall","SF","14","WR","8.12","9.05","9.02","9.09"
"Najee Harris","LAC","12","RB","9.02","9.07","8.06","11.07"
"Jared Goff","DET","8","QB","9.02","8.07","9.02","5.07"
"Matthew Golden","GB","5","WR","9.04","9.03","9.04","10.01"
"Tyler Warren","IND","11","TE","9.05","8.12","9.06","8.05"
"Jauan Jennings","SF","14","WR","9.06","8.11","9.07","10.04"
"Brandon Aiyuk","SF","14","WR","9.06","9.07","8.09","11.01"
"Josh Downs","IND","11","WR","9.08","9.07","9.08","11.06"
"Javonte Williams","DAL","10","RB","9.08","9.10","9.09","11.08"
"Cam Skattebo","NYG","14","RB","9.09","9.05","9.10","10.08"
"Rhamondre Stevenson","NE","14","RB","9.10","10.07","9.09","12.04"
"Zach Charbonnet","SEA","8","RB","9.11","10.04","9.12","11.08"
"Justin Herbert","LAC","12","QB","10.01","9.09","10.02","4.04"
"Darnell Mooney","ATL","5","WR","10.02","10.04","9.11","12.05"
"Brock Purdy","SF","14","QB","10.03","10.01","10.04","5.04"
"Jordan Mason","MIN","6","RB","10.03","10.02","10.09","11.09"
"Michael Pittman Jr.","IND","11","WR","10.04","10.09","10.03","12.04"
"Emeka Egbuka","TB","9","WR","10.05","9.12","10.09","10.11"
"Tucker Kraft","GB","5","TE","10.07","10.09","10.06","11.04"
"Tyjae Spears","TEN","10","RB","10.08","11.05","10.04","12.10"
"Dalton Kincaid","BUF","7","TE","10.09","10.06","10.05","10.12"
"Jayden Higgins","HOU","6","WR","10.09","10.08","10.12","12.01"
"Colston Loveland","CHI","5","TE","10.10","9.12","11.01","9.12"
"Keon Coleman","BUF","7","WR","10.11","10.11","10.10","12.09"
"Caleb Williams","CHI","5","QB","10.11","10.11","10.08","4.11"
"Dak Prescott","DAL","10","QB","11.02","10.11","11.02","6.03"
"Jake Ferguson","DAL","10","TE","11.02","11.01","11.03","11.11"
"J.K. Dobbins","DEN","12","RB","11.04","11.02","12.01","13.03"
"Rachaad White","TB","9","RB","11.04","12.08","11.06","13.06"
"Jordan Love","GB","5","QB","11.06","11.07","11.04","6.07"
"Justin Fields","NYJ","9","QB","11.06","12.07","11.04","6.11"
"Dallas Goedert","PHI","9","TE","11.08","11.08","11.06","12.02"
"Rashid Shaheed","NO","11","WR","11.08","12.03","11.09","13.01"
"C.J. Stroud","HOU","6","QB","11.09","11.03","11.08","5.10"
"Tre Harris","LAC","12","WR","11.11","12.03","11.09","12.06"
"Tank Bigsby","JAX","8","RB","11.11","13.01","11.12","14.01"
"Drake Maye","NE","14","QB","11.12","12.10","11.10","5.04"
"Kyle Pitts Sr.","ATL","5","TE","12.02","11.04","12.05","11.11"
"Luther Burden III","CHI","5","WR","12.03","12.11","12.02","12.08"
"Jaydon Blue","DAL","10","RB","12.03","12.06","12.07","12.12"
"Marvin Mims Jr.","DEN","12","WR","12.04","12.08","12.02","13.05"
"Christian Kirk","HOU","6","WR","12.06","13.04","12.07","14.04"
"Rico Dowdle","CAR","14","RB","12.07","15.07","12.02","15.10"
"J.J. McCarthy","MIN","6","QB","12.08","12.11","12.09","7.02"
"Bhayshul Tuten","JAX","8","RB","12.09","13.05","12.05","13.08"
"Austin Ekeler","WAS","12","RB","12.09","13.10","12.10","14.08"
"Isaac Guerendo","SF","14","RB","12.11","13.06","12.12","14.02"
"Kyle Williams","NE","14","WR","12.11","13.03","12.11","13.10"
"Jalen McMillan","TB","9","WR","12.11","15.10","12.10","14.11"
"Ray Davis","BUF","7","RB","13.01","14.12","13.02","14.06"
"Trevor Lawrence","JAX","8","QB","13.02","15.01","13.02","7.05"
"Rashod Bateman","BAL","7","WR","13.03","14.09","13.05","14.04"
"Trey Benson","ARI","8","RB","13.05","14.10","13.06","12.11"
"Jack Bech","LV","8","WR","13.05","14.10","13.03","13.11"
"Zach Ertz","WAS","12","TE","13.07","13.08","13.12","13.07"
"Jerome Ford","CLE","9","RB","13.07","15.07","13.08","15.11"
"Cam Ward","TEN","10","QB","13.08","13.07","14.01","8.10"
"Hunter Henry","NE","14","TE","13.09","14.12","13.10","13.10"
"Tyler Allgeier","ATL","5","RB","13.10","15.06","13.08","15.01"
"Marquise Brown","KC","10","WR","13.12","15.05","13.06","15.02"
"Nick Chubb","HOU","6","RB","13.12","12.12","14.11","15.07"
"Isaiah Likely","BAL","7","TE","14.01","13.08","13.09","13.04"
"Adam Thielen","CAR","14","WR","14.02","15.02","14.04","15.08"
"Braelon Allen","NYJ","9","RB","14.04","17.02","15.01","15.10"
"Dylan Sampson","CLE","9","RB","14.04","15.05","14.06","15.04"
"Pat Freiermuth","PIT","5","TE","14.05","17.06","14.01","14.03"
"Quentin Johnston","LAC","12","WR","14.07","17.07","14.12","16.03"
"Jaylen Wright","MIA","12","RB","14.07","17.03","15.02","15.12"
"Mason Taylor","NYJ","9","TE","14.08","17.07","14.09","14.11"
"Roschon Johnson","CHI","5","RB","14.10","18.01","15.05","16.10"
"Blake Corum","LAR","8","RB","14.10","18.07","15.03","17.05"
"Tua Tagovailoa","MIA","12","QB","15.08","17.04","14.02","9.03"
"Michael Penix Jr.","ATL","5","QB","15.10","15.04","14.05","8.04"
"Matthew Stafford","LAR","8","QB","15.10","16.11","14.03","9.04"
"Mike Gesicki","CIN","10","TE","15.11","16.11","14.08","14.10"
"Cedric Tillman","CLE","9","WR","15.12","16.09","15.03","15.05"
"Xavier Legette","CAR","14","WR","16.02","16.10","15.09","15.08"
"Bryce Young","CAR","14","QB","16.02","16.10","14.09","8.12"
"Joshua Palmer","BUF","7","WR","16.03","17.07","16.01","16.05"
"Brenton Strange","JAX","8","TE","16.04","16.07","15.06","14.05"
"DeAndre Hopkins","BAL","7","WR","16.05","17.11","15.09","17.12"
"Wan'Dale Robinson","NYG","14","WR","16.07","17.02","15.07","15.04"
"Cade Otton","TB","9","TE","16.07","18.02","15.06","14.09"
"Romeo Doubs","GB","5","WR","16.09","18.06","15.12","17.01"
"DeMario Douglas","NE","14","WR","16.10","18.01","16.09","16.08"
"Geno Smith","LV","8","QB","16.11","18.09","15.12","10.04"
"Anthony Richardson Sr.","IND","11","QB","16.11","18.07","16.03","11.04"
"Keenan Allen","LAC","12","WR","16.12","18.10","15.11","18.04"
"Brashard Smith","KC","10","RB","17.02","20.09","16.06","19.07"
"Sam Darnold","SEA","8","QB","17.02","18.09","16.06","10.05"
"Kareem Hunt","KC","10","RB","17.03","17.11","17.12","17.07"
"Alec Pierce","IND","11","WR","17.05","19.01","16.09","17.02"
"Devin Neal","NO","11","RB","17.06","19.07","16.04","16.12"
"Justice Hill","BAL","7","RB","17.07","18.11","16.12","17.06"
"Aaron Rodgers","PIT","5","QB","17.07","18.03","16.08","12.01"
"Pat Bryant","DEN","12","WR","17.08","18.03","16.11","16.10"
"DJ Giddens","IND","11","RB","17.10","19.06","17.06","18.01"
"Dalton Schultz","HOU","6","TE","17.11","19.03","16.12","16.07"
"Chig Okonkwo","TEN","10","TE","17.12","18.11","17.04","16.03"
"Amari Cooper","","12","WR","17.12","21.10","16.04","20.12"
"Kyle Monangai","CHI","5","RB","18.01","21.08","17.05","20.04"
"MarShawn Lloyd","GB","5","RB","18.03","21.07","17.02","18.07"
"Jalen Royals","KC","10","WR","18.04","20.10","17.07","18.06"
"Darren Waller","MIA","12","TE","19.06","19.10","19.09","18.11"
"Dont'e Thornton Jr.","LV","8","WR","19.08","16.07","23.11","18.11"
"Elijah Arroyo","SEA","8","TE","19.08","17.09","20.07","17.07"
"Miles Sanders","DAL","10","RB","19.09","20.06","20.06","19.01"
"Terrance Ferguson","LAR","8","TE","19.10","20.12","17.02","17.07"
"Jaylin Noel","HOU","6","WR","19.11","20.09","17.06","17.04"
"Elic Ayomanor","TEN","10","WR","19.12","20.11","18.10","18.09"
"Michael Wilson","ARI","8","WR","20.02","22.01","17.11","19.02"
"Jarquez Hunter","LAR","8","RB","20.02","19.02","18.03","18.03"
"Tyler Lockett","TEN","10","WR","20.03","20.08","18.01","18.08"
"Woody Marks","HOU","6","RB","20.03","21.04","21.02","20.09"
"Jordan James","SF","14","RB","20.05","22.04","17.08","20.02"
"Will Shipley","PHI","9","RB","20.07","19.04","18.08","19.05"
"Tahj Brooks","CIN","10","RB","20.08","21.03","21.05","20.03"
"Ja'Tavion Sanders","CAR","14","TE","20.09","21.09","17.12","16.12"
"Dyami Brown","JAX","8","WR","20.10","21.08","20.11","19.09"
"Calvin Austin III","PIT","5","WR","20.11","20.04","20.12","19.04"
"Cole Kmet","CHI","5","TE","20.11","22.08","18.05","18.02"
"Jaxson Dart","NYG","14","QB","20.12","21.05","17.09","14.08"
"Russell Wilson","NYG","14","QB","21.02","21.11","18.03","12.11"
"Tyler Shough","NO","11","QB","21.03","22.04","20.06","13.07"
"Adonai Mitchell","IND","11","WR","21.03","22.09","18.05","20.12"
"Jalen Coker","CAR","14","WR","21.04","21.05","20.09","18.02"
"Darius Slayton","NYG","14","WR","21.06","22.02","21.03","19.10"
"Jaleel McLaughlin","DEN","12","RB","21.06","25.10","18.06","23.11"
"Harold Fannin Jr.","CLE","9","TE","21.07","24.07","20.11","20.09"
"Theo Johnson","NYG","14","TE","21.08","22.02","18.11","17.10"
"Dontayvion Wicks","GB","5","WR","21.09","22.09","18.08","21.01"
"Kendre Miller","NO","11","RB","21.10","24.07","21.11","21.04"
"Raheem Mostert","LV","8","RB","21.12","21.02","22.03","19.12"
"Shedeur Sanders","CLE","9","QB","21.12","20.05","18.11","16.07"
"Daniel Jones","IND","11","QB","22.01","24.06","20.09","16.01"
"Juwan Johnson","NO","11","TE","22.03","22.06","18.11","18.12"
"Roman Wilson","PIT","5","WR","22.04","22.06","21.07","20.10"
"Noah Gray","KC","10","TE","22.04","24.03","21.08","19.05"
"Trevor Etienne","CAR","14","RB","22.05","25.05","21.03","21.11"
"Ollie Gordon II","MIA","12","RB","22.07","24.11","21.05","18.10"
"Diontae Johnson","CLE","9","WR","22.08","24.11","21.10","21.06"
"Jacory Croskey-Merritt","WAS","12","RB","23.06","20.03","24.01","19.08"
"Isaac TeSlaa","DET","8","WR","23.08","23.07","22.01","21.09"
"Andrei Iosivas","CIN","10","WR","23.08","23.10","24.05","21.07"
"Oronde Gadsden","LAC","12","TE","23.10","24.03","23.12","19.11"
"Elijah Mitchell","KC","10","RB","23.11","23.12","24.09","21.12"
"Keaton Mitchell","BAL","7","RB","23.11","23.10","21.12","21.03"
"Jordan Whittington","LAR","8","WR","23.12","25.02","23.12","21.05"
"Jalen Milroe","SEA","8","QB","24.02","23.11","21.09","17.10"
"Tory Horton","SEA","8","WR","24.03","24.09","22.03","21.07"
"Xavier Restrepo","TEN","10","WR","24.03","24.02","21.09","22.11"
"Tyler Conklin","LAC","12","TE","24.03","25.07","22.05","20.03"
"Kayshon Boutte","NE","14","WR","24.06","25.07","24.07","23.07"
"Ben Sinnott","WAS","12","TE","24.07","24.10","24.02","20.05"
"Tutu Atwell","LAR","8","WR","24.08","25.07","24.07","22.03"
"Tyler Higbee","LAR","8","TE","24.09","25.02","25.02","20.08"
"Troy Franklin","DEN","12","WR","24.10","25.06","25.04","21.12"
"Christian Watson","GB","5","WR","24.10","24.10","24.05","23.04"
"Devin Singletary","NYG","14","RB","24.11","26.03","24.09","27.06"
"Taysom Hill","NO","11","TE","24.12","25.07","22.08","23.08"
"Brandin Cooks","NO","11","WR","25.02","26.03","22.05","23.10"
"Noah Fant","CIN","10","TE","25.02","25.11","22.09","21.06"
"Audric Estime","DEN","12","RB","25.04","25.12","22.07","24.04"
"Zack Moss","","10","RB","25.05","25.04","22.08","23.02"
"Jalen Tolbert","DAL","10","WR","25.05","26.03","25.05","24.03"
"Antonio Gibson","NE","14","RB","25.06","26.09","25.04","27.08"
"A.J. Dillon","PHI","9","RB","26.04","58.12","27.01","26.03"
"Tank Dell","HOU","6","WR","26.06","58.08","26.07","29.05"
"Jalen Nailor","MIN","6","WR","26.06","57.10","26.08","22.01"
"Sean Tucker","TB","9","RB","26.08","55.09","26.12","22.07"
"Joe Flacco","CLE","9","QB","26.08","24.02","24.02","16.03"
"Elijah Moore","BUF","7","WR","26.09","58.01","27.01","22.11"
"Marquez Valdes-Scantling","SEA","8","WR","26.10","25.02","24.12","22.09"
"Jermaine Burton","CIN","10","WR","26.11","25.12","28.01","24.02"
"Kirk Cousins","ATL","5","QB","26.12","59.02","24.12","19.08"
"Luke McCaffrey","WAS","12","WR","27.01","26.09","27.11","27.10"
"Damien Martinez","SEA","8","RB","27.02","26.11","25.01","28.01"
"Khalil Herbert","IND","11","RB","27.04","26.04","24.10","26.07"
"Kimani Vidal","LAC","12","RB","27.04","59.03","28.02","31.02"
"Michael Mayer","LV","8","TE","27.06","25.11","27.12","22.12"
"Tai Felton","MIN","6","WR","27.07","59.05","27.06","27.04"
"Mike Williams","","12","WR","27.08","26.10","25.07","28.03"
"Curtis Samuel","BUF","7","WR","27.08","59.01","25.06","28.03"
"Kyle McCord","PHI","9","QB","27.09","58.10","-","57.06"
"Kobe Hudson","CAR","14","WR","27.11","59.03","-","59.05"
"Julius Chestnut","TEN","10","RB","27.11","53.04","-","59.01"
"Payton Thorne","CIN","10","QB","27.12","48.11","-","-"
"Ajou Ajou","IND","11","WR","28.02","58.09","-","54.11"
"Carson Steele","KC","10","RB","28.03","57.10","-","51.07"
"B.J. Johnson","","","WR","28.04","-","-","-"
"Jordan Petaia","LAC","12","TE","28.06","30.11","-","52.12"
"Konata Mumpfield","LAR","8","WR","28.07","55.09","-","58.12"
"Chase Claypool","","12","WR","28.10","43.10","-","59.02"
"Blaine Gabbert","","","QB","28.10","58.05","-","52.02"
"Colin Granger","","","TE","28.12","58.12","-","-"
"Shea Patterson","","","QB","28.12","58.01","-","-"
"Jordan Travis","","12","QB","29.01","39.01","-","58.11"
"Nick Foles","","","QB","29.02","54.06","-","56.09"
"Rashaad Penny","","11","RB","29.04","55.11","-","40.10"
"Dillon Stoner","","","WR","29.04","-","-","46.07"
"Karan Higdon Jr.","","","RB","29.06","-","-","-"
"Qadree Ollison","","","RB","29.06","-","-","-"
"K.J. Costello","","","QB","29.06","41.06","29.06","-"
"Ty'Son Williams","","","RB","29.08","58.01","29.03","-"
"Brayden Lenius","","","TE","29.08","-","29.08","-"
"Mike Weber","","","RB","29.09","58.04","29.10","-"
"Jordan Westerkamp","","","WR","29.10","-","-","-"
"Chris Rowland","","","WR","29.11","38.06","-","-"
"MyCole Pruitt","","9","TE","29.11","57.11","-","-"
"Jesus Wilson","","","WR","29.11","-","29.11","-"
"Anthony Jones","","","RB","29.11","58.03","-","52.04"
"Jon Hilliman","","","RB","30.01","53.11","30.01","-"
"Tre Walker","","","WR","30.01","-","30.01","-"
"Anthony McFarland Jr.","","6","RB","30.02","51.05","29.08","-"
"Giovanni Ricci","MIN","6","TE","30.03","-","-","46.07"
"Jhamon Ausbon","","","WR","30.03","58.12","30.03","-"
"Frank Gore","","","RB","30.04","54.11","-","42.01"
"Mason Schreck","","","TE","30.05","57.02","-","-"
"Kevin Marks Jr.","","","RB","30.05","52.07","-","-"
"Cam Miller","LV","8","QB","30.06","50.08","-","58.04"
"J.D. McKissic","","","RB","30.07","55.08","30.04","-"
"Johnathon Johnson","","","WR","30.07","-","30.07","-"
"Bilal Powell","","","RB","30.08","-","-","-"
"Jake Tonges","SF","14","TE","30.08","58.10","-","-"
"De'Montre Tuggle","","","RB","30.09","56.11","-","58.02"
"Ryan Yurachek","","","TE","30.10","55.07","-","45.07"
"Ja'quan Gardner","","","RB","30.10","41.02","30.10","-"
"Michael Crabtree","","","WR","30.11","56.12","-","48.06"
"Jesper Horsted","","11","TE","30.11","-","30.11","61.11"
"Aca'Cedric Ware","","","RB","30.11","58.12","-","-"
"Rodney Adams","","","WR","30.12","-","29.07","-"
"Jacob Hollister","","11","TE","31.01","31.01","31.01","-"
"Corey Clement","","","RB","31.01","58.01","30.05","41.05"
"Devine Ozigbo","","","RB","31.02","53.10","-","43.07"
"Robert Turbin","","","RB","31.03","-","30.08","-"
"Josh Hill","","","TE","31.03","-","31.03","-"
"Ryan Davis","","","WR","31.03","49.08","31.03","-"
"Kene Nwangwu","NYJ","9","RB","31.03","59.03","-","54.06"
"Donte Moncrief","","","WR","31.04","57.12","31.04","-"
"Victor Bolden","","","WR","31.04","46.10","29.01","-"
"Derek Carr","","12","QB","31.05","54.12","-","44.12"
"Treyton Welch","NO","11","TE","31.05","55.05","-","-"
"Zach Davidson","BUF","7","TE","31.06","57.06","-","49.09"
"Marqise Lee","","","WR","31.06","59.04","29.05","60.08"
"Daurice Fountain","","5","WR","31.07","-","31.07","50.01"
"Shae Wyatt","","","WR","31.07","48.05","28.03","45.08"
"Delanie Walker","","","TE","31.08","57.10","-","-"
"Malcolm Brown","","","RB","31.08","58.06","-","-"
"KJ Hamler","BUF","7","WR","31.08","59.02","-","47.09"
"Kawaan Baker","LV","8","WR","31.08","43.05","31.08","-"
"Tavon Austin","","","WR","31.09","55.03","-","50.06"
"Jarvis Landry","","","WR","31.09","58.12","-","-"
"McCallan Castles","LAC","12","TE","31.09","58.03","-","-"
"Jalen Virgil","BUF","7","WR","31.10","54.03","30.02","-"
"Jack Westover","NE","14","TE","31.11","59.03","-","-"
"Van Jefferson","TEN","10","WR","31.12","58.10","-","51.12"
"Andy Isabella","","14","WR","32.01","52.05","28.12","-"
"Kyle Rudolph","","","TE","32.02","-","-","-"
"Isaiah Wooden","","5","WR","32.02","48.01","32.02","-"
"Clayton Wilson","","","TE","32.03","58.10","32.03","-"
"Zach Conque","","","QB","32.03","32.03","32.03","-"
"Travis Homer","CHI","5","RB","32.03","47.09","-","58.11"
"Chris Hogan","","","WR","32.04","54.04","32.04","58.02"
"Cole McDonald","","","QB","32.04","58.12","32.04","-"
"Irv Smith Jr.","HOU","6","TE","32.04","32.06","-","58.09"
"Donovan Peoples-Jones","NO","11","WR","32.04","58.08","32.04","58.12"
"Tyler Ferguson","","","QB","32.05","32.05","32.05","-"
"A.J. Green","","","WR","32.06","53.03","-","32.07"
"Trey Lance","LAC","12","QB","32.06","54.03","-","50.09"
"Javorius Allen","","","RB","32.06","54.09","32.06","-"
"Eno Benjamin","","","RB","32.06","58.10","32.06","46.01"
"Montrell Johnson Jr.","PHI","9","RB","32.07","57.03","28.05","57.12"
"Kenny Cook","","","WR","32.07","50.03","32.07","63.02"
"Aleva Hifo","","","WR","32.07","-","32.07","-"
"Tanner Mordecai","","14","QB","32.07","27.08","-","58.09"
"Lance Kendricks","","","TE","32.08","56.07","32.08","-"
"Trenton Irwin","JAX","8","WR","32.08","36.09","-","46.02"
"Darion Clark","","","TE","32.08","55.07","-","-"
"Adrian Peterson","","","RB","32.08","54.02","-","43.02"
"Jake Butt","","","TE","32.09","59.01","-","39.08"
"Cole Turner","WAS","12","TE","32.09","32.09","32.09","-"
"Jaren Hall","","10","QB","32.10","42.11","-","-"
"Nakia Griffin-Stewart","","","TE","32.11","-","-","-"
"Jamal Pettigrew","","","TE","32.11","57.08","32.11","-"
"Montana Lemonious-Craig","","5","WR","32.12","58.02","28.06","59.02"
"Sam Pinckney","","11","WR","32.12","32.12","32.12","-"
"Ryan Griffin","","","QB","33.01","35.12","-","57.12"
"Jelani Woods","IND","11","TE","33.01","58.03","-","58.09"
"Terique Owens","SF","14","WR","33.01","58.08","-","59.01"
"Michael Thomas","","","WR","33.02","45.02","28.10","57.05"
"James Mitchell","CAR","14","TE","33.02","56.09","33.02","-"
"Nick Guggemos","","","TE","33.03","58.01","33.03","-"
"TaMerik Williams","","10","RB","33.03","48.10","33.03","-"
"Ja'Corey Brooks","WAS","12","WR","33.03","58.12","-","59.02"
"Brian Walker","","","TE","33.04","33.04","-","-"
"Larry Fitzgerald","","","WR","33.05","57.03","-","47.07"
"Trey Edmunds","","","RB","33.05","58.12","58.12","-"
"Jace Sternberger","","","TE","33.05","57.02","-","-"
"Shane Zylstra","DET","8","TE","33.06","58.06","33.06","-"
"A.J. Rose","","","RB","33.06","45.05","33.06","-"
"Shaun Beyer","","","TE","33.06","58.10","33.06","-"
"Leonard Taylor","","","TE","33.06","54.05","-","-"
"Tyler Eifert","","","TE","33.07","59.01","-","-"
"Mike Warren II","","","RB","33.07","56.12","33.07","47.05"
"Golden Tate","","","WR","33.08","58.09","29.03","31.10"
"Rhett Ellison","","","TE","33.08","33.08","-","-"
"Case Keenum","CHI","5","QB","33.09","46.06","-","54.11"
"JaMycal Hasty","NE","14","RB","33.09","50.09","-","53.02"
"Kurt Benkert","","","QB","33.10","55.10","-","59.03"
"John Hightower","","","WR","33.10","33.10","33.10","58.06"
"Dominic Lovett","DET","8","WR","33.10","32.12","-","33.03"
"CJ Anderson","","","RB","33.11","55.05","33.11","32.01"
"Thomas Sperbeck","","","WR","33.11","33.11","33.11","-"
"Kadarius Toney","","10","WR","33.12","57.05","30.04","52.09"
"Deshon Foxx","","","WR","33.12","33.12","33.12","-"
"Graham Mertz","HOU","6","QB","33.12","56.06","-","34.03"
"Austin Watkins Jr.","","5","WR","34.01","-","-","-"
"Alton Howard","","","WR","34.01","55.06","-","-"
"Amari Rodgers","","","WR","34.01","29.11","34.01","54.04"
"C.J. Duncan","","","WR","34.02","-","34.02","-"
"Shemar Bridges","","","WR","34.03","58.10","-","-"
"Antoine Green","","5","WR","34.03","59.02","-","58.01"
"Blake Bortles","","","QB","34.03","57.11","-","51.08"
"Kolby Listenbee","","","WR","34.04","56.02","-","-"
"Brandon Johnson","PIT","5","WR","34.04","-","-","58.07"
"Alfonzo Graham","","6","RB","34.05","54.12","-","-"
"Drew Brees","","","QB","34.05","56.09","29.06","45.04"
"Shaun Wilson","","","RB","34.06","34.06","34.06","-"
"Baylor Cupp","BAL","7","TE","34.06","56.05","34.06","-"
"Markese Stepp","","12","RB","34.06","45.03","29.05","-"
"Chase Cota","CLE","9","WR","34.07","34.07","34.07","-"
"Roc Taylor","PIT","5","WR","34.08","-","-","58.12"
"Vincent Testaverde","","","QB","34.08","58.09","-","36.01"
"Jack Stoll","NO","11","TE","34.08","-","34.08","57.08"
"Zavier Scott","MIN","6","RB","34.09","44.02","34.09","-"
"LeSean McCoy","","","RB","34.09","58.03","29.02","58.06"
"Rob Gronkowski","","","TE","34.10","54.02","29.11","45.11"
"Dontay Demus Jr.","","","WR","34.11","32.07","-","-"
"Le'Veon Bell","","","RB","34.12","50.03","-","36.12"
"Mecole Hardman","GB","5","WR","34.12","57.06","-","58.03"
"Jalen Reagor","LAC","12","WR","34.12","53.06","-","48.06"
"Nate Adkins","DEN","12","TE","34.12","44.05","34.12","-"
"Geor'quarius Spivey","KC","10","TE","34.12","35.04","34.12","46.09"
"Ryan Miller","TB","9","WR","35.01","51.06","-","42.04"
"Peewee Jarrett","","","QB","35.01","39.03","29.01","44.11"
"Korey Robertson","","","WR","35.02","35.02","35.02","-"
"Tommy DeVito","NYG","14","QB","35.02","46.11","-","56.06"
"Tyler Bray","","","QB","35.03","59.04","-","49.01"
"Tom Brady","","","QB","35.03","50.12","31.04","40.07"
"Alex Bachman","LV","8","WR","35.03","35.03","-","58.12"
"Jacob Warren","","14","TE","35.04","52.11","-","-"
"Kristian Wilkerson","BUF","7","WR","35.04","40.07","35.04","-"
"Keandre Lambert-Smith","LAC","12","WR","35.04","52.01","31.11","28.09"
"Equanimeous St. Brown","SF","14","WR","35.05","58.01","-","40.11"
"A.J. Richardson","","","WR","35.05","36.07","35.05","-"
"Stanley Morgan Jr.","","5","WR","35.06","-","35.06","-"
"Cornell Powell","","10","WR","35.06","34.07","35.06","-"
"Deshaun Watson","CLE","9","QB","35.08","57.11","29.09","58.08"
"J.J. Taylor","HOU","6","RB","35.08","55.08","-","-"
"T.Y. Hilton","","","WR","35.09","56.05","-","44.04"
"Derek Carrier","","","TE","35.09","54.12","-","-"
"Drew Sample","CIN","10","TE","35.09","56.05","35.09","57.09"
"Henry Ruggs III","","","WR","35.10","52.02","36.07","43.08"
"James Washington","","12","WR","35.10","51.02","-","54.10"
"Nikko Remigio","KC","10","WR","35.11","57.01","-","45.08"
"Parker Houston","","","TE","35.11","52.11","35.11","-"
"Taysir Mack","","","WR","35.11","-","35.11","-"
"Cam Sims","","11","WR","35.12","-","35.12","-"
"Mohamed Sanu","","","WR","35.12","56.12","-","49.11"
"Ben Roethlisberger","","","QB","35.12","58.02","28.11","44.01"
"AJ Barner","SEA","8","TE","36.02","49.10","28.07","26.02"
"Devon Garrison","","10","TE","36.02","58.07","-","-"
"Cam Newton","","","QB","36.03","56.09","30.02","54.11"
"Justin Crawford","","","RB","36.03","51.07","36.03","-"
"Michael Pratt","TB","9","QB","36.03","28.02","29.08","57.06"
"Mike Rigerman","","14","TE","36.04","-","36.04","-"
"Racey McMath","","7","WR","36.04","36.04","-","55.07"
"Lorenzo Lingard","","11","RB","36.05","-","36.05","-"
"Shawn Poindexter","","","WR","36.06","59.03","36.06","-"
"Josh Whyle","TEN","10","TE","36.06","58.02","-","57.09"
"Matt Ryan","","","QB","36.07","58.12","28.12","50.02"
"Danny Vitale","","","RB","36.08","36.08","36.08","-"
"Ameer Abdullah","SF","14","RB","36.09","58.11","30.10","53.08"
"Cody Chrest","","","WR","36.09","36.09","36.09","-"
"Drew Plitt","","","QB","36.10","36.10","-","-"
"Tommy Mellott","LV","8","WR","36.11","58.05","-","56.02"
"Jordan Watkins","SF","14","WR","36.11","58.12","30.03","46.12"
"Alshon Jeffery","","","WR","36.12","35.09","28.02","41.02"
"E.J. Jenkins","PHI","9","TE","37.01","58.07","37.01","-"
"James Develin","","","RB","37.02","-","-","33.04"
"J.T. Barrett","","","QB","37.02","28.07","-","57.04"
"Garrett Johnson","","","WR","37.03","27.08","30.01","-"
"Daniel Helm","","","TE","37.03","-","37.03","-"
"Ezekiel Elliott","","7","RB","37.04","58.10","-","47.07"
"Odell Beckham Jr.","","6","WR","37.04","57.03","30.02","59.03"
"Peter Pujals","","","QB","37.05","37.05","-","57.05"
"Luke Lachey","HOU","6","TE","37.05","38.11","29.08","58.07"
"Jarvion Franklin","","","RB","37.06","59.02","37.06","-"
"Zamir White","LV","8","RB","37.07","59.02","34.02","31.03"
"Gabe Nabers","","","RB","37.07","37.07","37.07","-"
"DJ Uiagalelei","LAC","12","QB","37.07","51.09","33.04","58.04"
"Brisly Estime","","","WR","37.09","-","37.09","39.12"
"Marcus Yarns","NO","11","RB","37.09","58.10","-","58.11"
"Philip Rivers","","","QB","37.10","47.11","-","42.08"
"Lil'Jordan Humphrey","NYG","14","WR","37.10","57.12","-","58.11"
"Warren Jackson","","","WR","37.11","37.11","37.11","-"
"Julian Edelman","","","WR","37.12","58.10","-","36.08"
"Rico Bussey","","","WR","37.12","57.08","-","-"
"Mason Fairchild","","12","TE","38.01","38.01","38.01","-"
"Khari Blasingame","","5","RB","38.02","-","38.02","-"
"Otis Anderson","","","RB","38.02","30.08","38.02","-"
"Danny Amendola","","","WR","38.03","-","-","31.06"
"David Johnson","","","RB","38.03","57.02","-","56.11"
"Josh Gordon","","","WR","38.03","56.03","-","58.03"
"Reid Sinnett","","","QB","38.04","-","38.04","44.01"
"Antonio Brown","","","WR","38.04","53.08","33.06","40.01"
"Chris Brown","","","WR","38.04","38.04","38.04","-"
"Pharaoh Brown","MIA","12","TE","38.05","58.12","-","56.03"
"Ronnie Bell","DET","8","WR","38.07","56.09","-","56.11"
"William Fuller V","","","WR","38.08","38.08","-","49.07"
"Hunter Renfrow","CAR","14","WR","38.09","58.04","33.09","43.07"
"Josh Rosen","","","QB","38.09","57.11","-","47.11"
"Eric Dungey","","","QB","38.09","58.01","-","-"
"Anthony Gould","IND","11","WR","38.09","58.04","-","48.03"
"Jaden Shirden","","11","RB","38.10","42.10","-","-"
"Louis Rees-Zammit","","8","WR","38.10","58.07","31.06","58.10"
"C.J. Uzomah","","5","TE","38.11","-","38.11","-"
"Reece Horn","","","WR","38.11","59.02","-","-"
"Travis Vokolek","ARI","8","TE","38.12","38.12","38.12","52.03"
"Alec Holler","","7","TE","39.01","39.01","-","-"
"Kurtis Rourke","SF","14","QB","39.02","58.11","-","58.01"
"Jalin Hyatt","NYG","14","WR","39.02","57.09","42.06","54.08"
"Zach Pascal","NYG","14","WR","39.02","59.03","-","56.03"
"Amba Etta-Tawo","","","WR","39.02","-","-","-"
"Efton Chism III","NE","14","WR","39.02","57.02","34.11","52.05"
"Riley Ridley","","","WR","39.03","39.03","39.03","60.02"
"Phil Mafah","DAL","10","RB","39.03","59.04","31.07","29.03"
"Bryce Perkins","","","QB","39.04","56.06","-","54.08"
"KaVontae Turpin","DAL","10","WR","39.04","59.04","35.06","26.07"
"Sam Schnee","","5","WR","39.05","51.02","-","51.06"
"Toriano Clinton","","","RB","39.05","54.03","-","-"
"Trey Palmer","TB","9","WR","39.06","55.05","36.07","59.03"
"Ryan Grant","","","WR","39.06","39.06","39.06","-"
"Jacob Cowing","SF","14","WR","39.06","59.03","37.08","44.10"
"Miller Forristall","","6","TE","39.07","39.07","39.07","-"
"Jimmy Garoppolo","LAR","8","QB","39.07","57.10","35.03","44.06"
"Clayton Thorson","","","QB","39.08","30.07","34.04","-"
"Jaxon Janke","","14","WR","39.08","39.08","39.08","-"
"Taylor Gabriel","","","WR","39.09","-","39.09","-"
"Chase Garbers","","","QB","39.09","56.02","-","-"
"Mark Thompson","","","RB","39.10","39.10","-","59.01"
"Johnny Wilson","PHI","9","WR","39.11","58.09","46.01","58.09"
"Aaron Dykes","","","RB","39.11","37.08","-","-"
"Ty Chandler","MIN","6","RB","39.12","57.11","40.09","54.01"
"Nate Sudfeld","","5","QB","39.12","-","39.12","46.10"
"Colt McCoy","","","QB","39.12","-","39.12","44.02"
"Darnell Washington","PIT","5","TE","39.12","57.06","40.08","58.05"
"James Looney","","","TE","40.01","-","40.01","-"
"Dalvin Cook","","7","RB","40.01","57.12","35.04","50.11"
"Jonathan Adams","","","WR","40.01","40.01","40.01","-"
"Brandon Dillon","","","TE","40.02","59.01","40.02","-"
"I'Tavius Mathers","","","RB","40.03","-","-","-"
"Dez Bryant","","","WR","40.03","53.06","29.11","58.10"
"Riley Sharp","","14","TE","40.03","40.03","-","-"
"LeQuint Allen Jr.","JAX","8","RB","40.04","57.11","33.11","30.03"
"Antwan Goodley","","","WR","40.04","40.04","40.04","-"
"Lynn Bowden Jr.","","11","WR","40.05","-","40.05","49.07"
"Alex Gray","","","TE","40.05","40.05","40.05","-"
"Jacoby Brissett","ARI","8","QB","40.06","57.12","32.04","54.09"
"Jeremy Sprinkle","","","TE","40.06","39.05","40.06","-"
"Joe Milton III","DAL","10","QB","40.06","58.06","34.04","22.08"
"Luke Musgrave","GB","5","TE","40.08","58.08","33.12","27.08"
"A.T. Perry","DEN","12","WR","40.08","58.06","35.11","58.11"
"David Wallis","","14","WR","40.08","40.08","40.08","57.01"
"Marquise Goodwin","","","WR","40.09","56.12","-","58.08"
"Michael Burton","DEN","12","RB","40.09","50.01","40.09","-"
"Brenden Rice","LAC","12","WR","40.09","59.02","38.05","58.06"
"John Ursua","","","WR","40.10","-","40.10","-"
"Tyrod Taylor","NYJ","9","QB","40.10","59.01","31.05","29.02"
"Tyler McCloskey","","","RB","40.11","-","40.11","-"
"Noah Brown","WAS","12","WR","40.11","59.03","36.01","29.11"
"Isaiah Bowser","","","RB","40.12","53.11","40.12","62.09"
"Tyler Kroft","","","TE","41.01","41.01","-","44.08"
"Davis Cheek","","","QB","41.01","37.08","32.12","-"
"David Fales","","","QB","41.02","41.02","41.02","-"
"Josh Vann","","","WR","41.03","41.03","41.03","-"
"Zach Wilson","MIA","12","QB","41.04","58.11","33.02","26.05"
"Darrell Henderson Jr.","","","RB","41.04","41.04","41.04","-"
"Tim Tebow","","","TE","41.04","58.06","36.02","42.11"
"Michael Gallup","WAS","12","WR","41.05","59.01","36.05","59.03"
"Ben DiNucci","","12","QB","41.05","57.07","-","-"
"Jesse Matthews","ATL","5","WR","41.05","41.05","-","-"
"Tyler Boyd","","5","WR","41.05","58.09","-","47.03"
"Ito Smith","","","RB","41.06","57.05","41.06","-"
"Corey Crooms","","7","WR","41.06","41.06","41.06","-"
"Josh Reynolds","NYJ","9","WR","41.06","59.04","34.08","28.12"
"Justin Hardy","","","WR","41.07","56.02","41.07","-"
"Chimere Dike","TEN","10","WR","41.07","59.04","27.02","27.01"
"Jaylin Lane","WAS","12","WR","41.08","56.06","37.07","22.02"
"Jordan Ta'amu","","","QB","41.08","41.08","41.08","-"
"Zay Jones","ARI","8","WR","41.09","59.01","-","56.10"
"Sione Vaki","DET","8","RB","41.09","57.07","28.08","56.11"
"Marshawn Lynch","","","RB","41.10","55.02","36.03","40.03"
"Cody Kessler","","","QB","41.10","25.12","41.10","61.12"
"Trevor Knight","","","QB","41.11","59.03","-","43.04"
"Clyde Edwards-Helaire","NO","11","RB","41.12","59.04","-","57.04"
"Aidan O'Connell","LV","8","QB","41.12","59.03","32.01","30.05"
"R.J. Shelton","","","WR","41.12","41.12","41.12","-"
"Sincere McCormick","LV","8","RB","42.01","58.05","28.09","58.10"
"Tim Boyle","TEN","10","QB","42.01","53.03","-","-"
"Trevon Bradford","","","WR","42.01","42.01","42.01","-"
"Marcus Johnson","","","WR","42.02","42.02","42.02","-"
"Andrew Beck","NYJ","9","RB","42.03","-","42.03","55.04"
"Jahan Dotson","PHI","9","WR","42.03","59.03","40.03","30.11"
"Jakob Johnson","HOU","6","RB","42.03","52.09","42.03","37.06"
"Isaiah Weston","","","WR","42.03","42.03","42.03","-"
"Sean Clifford","GB","5","QB","42.03","57.07","37.05","41.10"
"Cooper Rush","BAL","7","QB","42.04","58.03","37.07","49.08"
"Tejhaun Palmer","ARI","8","WR","42.05","-","42.05","-"
"Grant DuBose","","6","WR","42.05","52.08","42.05","48.03"
"Jehu Chesson","","","WR","42.06","42.06","42.06","-"
"Devaughn Vele","DEN","12","WR","42.07","57.06","26.10","22.06"
"Tyrone Swoopes","","","TE","42.07","56.11","-","-"
"Nick Nash","ATL","5","WR","42.07","59.04","34.05","30.10"
"Kalif Raymond","DET","8","WR","42.08","58.08","-","48.02"
"Malachi Carter","","","WR","42.08","42.08","42.08","-"
"Emanuel Wilson","GB","5","RB","42.09","59.01","39.10","29.05"
"Bucky Hodges","","","TE","42.09","42.09","42.09","44.07"
"Tim DeMorat","","","QB","42.09","58.09","38.11","50.06"
"Troy Hairston","","9","RB","42.10","-","42.10","-"
"Brevin Easton","","12","WR","42.10","42.10","42.10","-"
"Moliki Matavao","NO","11","TE","42.10","57.08","-","58.07"
"Isaiah Neyor","","14","WR","42.11","58.03","35.02","43.03"
"Jack Doyle","","","TE","42.11","42.11","42.11","-"
"Tez Johnson","TB","9","WR","42.12","59.04","36.10","59.02"
"Greg Dulcich","NYG","14","TE","42.12","58.07","-","59.01"
"Rocky Lombardi","","12","QB","42.12","38.09","-","58.09"
"Hamze El-Zayat","","12","WR","42.12","42.12","42.12","45.06"
"Damore'ea Stringfellow","","","WR","43.01","57.11","-","59.04"
"Adam Trautman","DEN","12","TE","43.01","58.06","39.03","59.05"
"Riley Leonard","IND","11","QB","43.01","57.11","-","59.03"
"Tyler Adams","","","WR","43.02","43.02","43.02","-"
"Savion Williams","GB","5","WR","43.02","58.12","27.02","27.12"
"Jake Hausmann","","","TE","43.03","-","43.03","-"
"Taylor Grimes","","","WR","43.03","43.03","43.03","-"
"Samaje Perine","CIN","10","RB","43.03","58.02","39.03","29.02"
"Justin Jackson","","","RB","43.05","-","-","-"
"Charlie Taumoepeau","","","TE","43.05","58.06","43.05","-"
"Nick Westbrook-Ikhine","MIA","12","WR","43.05","57.07","35.03","26.12"
"Kairee Robinson","","10","RB","43.05","43.05","43.05","-"
"Kalel Mullings","TEN","10","RB","43.06","57.01","39.07","31.04"
"Ray-Ray McCloud III","ATL","5","WR","43.07","58.11","35.07","26.04"
"Anthony Schwartz","","6","WR","43.07","43.07","43.07","40.08"
"Isaiah Davis","NYJ","9","RB","43.07","59.04","27.05","23.02"
"Demarcus Robinson","SF","14","WR","43.08","58.08","26.10","26.09"
"Dylan Drummond","ATL","5","WR","43.08","54.08","-","-"
"Auden Tate","","","WR","43.09","43.09","43.09","-"
"Khalil McClain","","","WR","43.09","-","43.09","-"
"Devontez Walker","BAL","7","WR","43.09","58.03","33.05","51.04"
"Kellen Mond","","","QB","43.10","57.03","-","55.01"
"Marcus Mariota","WAS","12","QB","43.11","59.03","33.12","29.09"
"Brittain Brown","","10","RB","43.11","43.11","43.11","-"
"Corey Kiner","SF","14","RB","43.12","58.08","31.02","59.02"
"Abram Smith","","","RB","43.12","43.12","-","-"
"Patrick Murtagh","","12","TE","44.01","-","44.01","-"
"Jimmy Horn Jr.","CAR","14","WR","44.01","58.06","27.09","30.09"
"Jeshaun Jones","MIN","6","WR","44.01","44.01","44.01","-"
"Tre Tucker","LV","8","WR","44.01","58.06","38.03","27.04"
"Khalfani Muhammad","","","RB","44.02","44.02","44.02","-"
"Ja'Quinden Jackson","JAX","8","RB","44.02","57.07","37.10","59.03"
"Brett Rypien","MIN","6","QB","44.03","44.03","-","53.02"
"Spencer Rattler","NO","11","QB","44.04","59.01","40.12","20.07"
"Raheim Sanders","LAC","12","RB","44.04","58.09","36.12","59.02"
"Jibri Blount","","","TE","44.04","37.01","44.04","-"
"Garrett Celek","","","TE","44.06","59.02","-","-"
"Mac Jones","SF","14","QB","44.06","58.04","34.07","29.08"
"Ty Johnson","BUF","7","RB","44.07","58.12","27.08","26.03"
"Andy Dalton","CAR","14","QB","44.07","57.12","35.01","50.11"
"JJ Laap","","6","WR","44.07","26.09","44.07","-"
"Will Grier","DAL","10","QB","44.08","53.05","-","34.08"
"Trishton Jackson","ARI","8","WR","44.09","44.09","44.09","35.01"
"DJ Chark","ATL","5","WR","44.10","55.07","44.10","38.07"
"Max Borghi","","","RB","44.10","44.10","44.10","-"
"Erik Krommenhoek","","","TE","44.10","59.04","44.10","57.11"
"Will Dissly","LAC","12","TE","44.11","58.03","37.03","22.09"
"Dylan Laube","LV","8","RB","44.11","58.05","44.11","57.05"
"Malik Washington","MIA","12","WR","44.11","57.07","27.06","23.11"
"Luke Schoonmaker","DAL","10","TE","44.11","58.10","39.05","30.01"
"D'Onta Foreman","","10","RB","44.12","58.06","-","57.11"
"Cade Stover","HOU","6","TE","45.01","59.04","41.04","30.03"
"Jamal Agnew","ATL","5","WR","45.02","57.06","-","41.10"
"Sam Howell","MIN","6","QB","45.03","57.09","39.12","27.03"
"Taylor Heinicke","LAC","12","QB","45.04","53.05","35.05","58.09"
"Chad Henne","","","QB","45.04","-","45.04","32.03"
"Joel Stave","","","QB","45.04","57.05","45.04","-"
"Corey Davis","","","WR","45.04","45.04","45.04","-"
"Allen Lazard","NYJ","9","WR","45.05","58.11","27.10","23.05"
"Austin Hooper","NE","14","TE","45.06","58.08","34.09","29.07"
"Jeremiah Hall","","","RB","45.06","37.03","45.06","42.06"
"Tyson Bagent","CHI","5","QB","45.07","58.07","30.12","55.01"
"Jared Rice","","","TE","45.07","31.05","45.07","-"
"Alexander Mattison","MIA","12","RB","45.07","59.05","27.12","30.10"
"Jamaal Jones","","","WR","45.09","45.09","45.09","-"
"Malik Willis","GB","5","QB","45.10","59.02","41.09","26.10"
"Jameis Winston","NYG","14","QB","45.10","58.09","42.08","23.07"
"PJ Walker","","10","QB","45.10","51.04","-","-"
"Darren Sproles","","","RB","45.11","-","33.07","-"
"Davis Koppenhaver","","","TE","45.11","45.11","45.11","-"
"Jerome Kapp","","","WR","45.12","45.12","45.12","-"
"Gunnar Helm","TEN","10","TE","46.01","58.06","40.10","26.11"
"Darece Roberson","","","WR","46.01","46.01","46.01","-"
"Greg Dortch","ARI","8","WR","46.02","59.03","37.12","29.12"
"Josh McCown","","","QB","46.02","46.02","-","55.10"
"Kaden Prather","BUF","7","WR","46.02","58.05","36.11","58.04"
"Matt Landers","TEN","10","WR","46.02","58.10","-","58.04"
"Hassan Hall","","11","RB","46.03","46.03","46.03","-"
"Cam Akers","NO","11","RB","46.04","58.10","38.05","58.04"
"Kyle Sloter","","","QB","46.05","46.05","46.05","49.05"
"Lamar Miller","","","RB","46.05","52.03","-","54.10"
"Albert Okwuegbunam Jr.","LV","8","TE","46.05","57.08","33.08","54.02"
"Josh Oliver","MIN","6","TE","46.07","57.10","38.10","46.06"
"James Morgan","","","QB","46.07","36.05","46.07","-"
"Brandon Lewis","","","WR","46.07","-","46.07","-"
"Zay Malone","","","WR","46.08","27.04","38.02","-"
"Thomas Fidone II","NYG","14","TE","46.09","59.04","39.05","46.11"
"Tre'Quan Smith","","5","WR","46.10","46.10","46.10","-"
"Tanner Knue","","11","WR","46.11","30.10","-","59.02"
"Parker Washington","JAX","8","WR","46.11","58.07","37.12","30.12"
"Kevin White","","","WR","46.11","-","37.01","-"
"Joshua Dobbs","NE","14","QB","46.12","58.02","41.08","52.01"
"Tanner Gentry","","","WR","46.12","46.12","46.12","-"
"John Metchie III","HOU","6","WR","47.01","59.04","38.06","58.01"
"Tommy Tremble","CAR","14","TE","47.02","56.04","42.09","58.10"
"Travis Koontz","LV","6","TE","47.03","58.01","-","-"
"Clayton Tune","ARI","8","QB","47.03","57.07","-","49.05"
"Chris Rodriguez Jr.","WAS","12","RB","47.03","58.07","42.11","55.10"
"Buddy Howell","","","RB","47.04","47.04","47.04","-"
"Foster Moreau","NO","11","TE","47.04","57.09","40.05","52.09"
"Jake Browning","CIN","10","QB","47.06","58.06","38.09","29.07"
"Isaiah McKoy","","","WR","47.06","47.06","47.06","-"
"Mack Hollins","NE","14","WR","47.06","57.12","37.02","55.11"
"Justyn Ross","","10","WR","47.07","-","-","50.07"
"J'Mar Smith","","","QB","47.07","47.07","-","43.02"
"Hendon Hooker","DET","8","QB","47.08","58.11","36.08","30.08"
"Kenneth Gainwell","PIT","5","RB","47.08","59.05","39.09","30.06"
"Brady Russell","SEA","8","RB","47.09","47.09","-","-"
"Dawson Knox","BUF","7","TE","47.10","58.04","40.09","26.09"
"Arian Smith","NYJ","9","WR","47.11","59.02","40.02","30.01"
"Matt Barkley","","","QB","47.12","41.07","47.12","51.05"
"Will Levis","TEN","10","QB","47.12","57.07","40.05","31.05"
"Nate Stanley","","","QB","48.01","55.09","-","38.08"
"Jamize Olawale","","","RB","48.01","-","39.09","-"
"Dan Arnold","","","TE","48.01","48.01","-","53.12"
"Bryce Love","","","RB","48.02","48.02","-","-"
"Quinn Ewers","MIA","12","QB","48.02","58.10","41.06","27.11"
"Devon Cajuste","","","WR","48.03","48.03","48.03","-"
"Jeremy Ruckert","NYJ","9","TE","48.03","59.02","43.02","57.07"
"Davis Mills","HOU","6","QB","48.04","57.12","31.09","47.04"
"Kyle Trask","TB","9","QB","48.05","56.09","38.12","49.06"
"Phillip Brooks","","6","WR","48.05","48.05","-","-"
"Dan Chisena","","14","WR","48.06","48.06","48.06","-"
"Tim Patrick","DET","8","WR","48.06","55.04","41.06","54.03"
"Tim Semisch","","","TE","48.07","48.07","48.07","-"
"Robert Woods","PIT","5","WR","48.07","58.09","41.12","56.07"
"Gehrig Dieter","","","WR","48.08","48.08","48.08","-"
"Drew Ogletree","IND","11","TE","48.08","-","40.04","-"
"Kalil Pimpleton","","","WR","48.09","48.09","-","-"
"Stephen Baggett","","","TE","48.10","-","40.06","-"
"Antwane Wells Jr.","NYG","14","WR","48.11","58.05","39.02","59.01"
"Wendell Smallwood","","","RB","48.11","-","39.12","-"
"Gabe Davis","","12","WR","48.12","56.09","28.03","31.04"
"Jeff Driskel","","14","QB","48.12","48.12","48.12","-"
"Jimmy Graham","","","TE","48.12","58.05","-","54.08"
"Dameon Pierce","HOU","6","RB","49.02","58.05","28.05","28.01"
"Nick Mullens","JAX","8","QB","49.02","58.08","32.01","50.07"
"Gavin Holmes","","","WR","49.02","49.02","49.02","-"
"Bryce Bobo","","","WR","49.03","57.11","-","-"
"JuJu Smith-Schuster","KC","10","WR","49.04","59.03","41.01","51.02"
"Chad Williams","","","WR","49.04","-","49.04","-"
"Tyquan Thornton","KC","10","WR","49.04","58.12","41.01","44.01"
"Elijah Marks","","","WR","49.05","-","41.12","-"
"Manny Wilkins","","","QB","49.06","49.06","49.06","-"
"Tanner McKee","PHI","9","QB","49.07","55.11","32.04","53.07"
"Jarrett Stidham","DEN","12","QB","49.08","48.02","32.06","52.04"
"Thaddeus Moss","","","TE","49.08","49.08","49.08","48.02"
"Noah Togiai","","10","TE","49.09","-","49.09","-"
"Larry Rose","","","RB","49.10","47.05","39.07","-"
"Jordan Reed","","","TE","49.10","54.10","-","-"
"Stone Smartt","NYJ","9","TE","49.10","58.09","43.08","56.02"
"Mitchell Trubisky","BUF","7","QB","49.11","58.07","32.06","53.10"
"James Gilbert Jr.","","","RB","49.11","56.08","49.11","49.04"
"Neal Johnson","NYJ","9","TE","49.12","49.12","-","-"
"Gardner Minshew","KC","10","QB","49.12","58.10","41.08","30.03"
"Elijah Higgins","ARI","8","TE","50.01","53.04","42.09","53.02"
"Cyril Grayson Jr.","","","WR","50.02","-","50.02","-"
"Anthony Johnson","","","WR","50.03","-","42.05","-"
"Brenden Bates","CLE","9","TE","50.03","50.03","-","-"
"Jonathon Brooks","CAR","14","RB","50.03","56.11","42.12","59.04"
"Nick Muse","PHI","9","TE","50.04","58.07","43.10","-"
"Tyler Hoppes","","","TE","50.04","-","50.04","-"
"Brandon Radcliff","","","RB","50.05","50.05","50.05","49.03"
"Jared Wiley","KC","10","TE","50.05","59.04","37.09","59.05"
"James Butler","","","RB","50.06","50.06","50.06","-"
"Jake Bobo","SEA","8","WR","50.06","58.12","42.03","58.07"
"Kaden Davis","CLE","9","WR","50.07","50.07","-","-"
"Devin Culp","TB","9","TE","50.07","54.05","43.11","47.12"
"Wayne Ruby","","12","WR","50.08","50.08","50.08","-"
"Emari Demercado","ARI","8","RB","50.09","59.03","44.01","52.09"
"Boston Scott","","9","RB","50.09","-","-","54.01"
"Olamide Zaccheaus","CHI","5","WR","50.09","56.05","42.12","52.11"
"Ricky White III","SEA","8","WR","50.10","56.01","38.02","59.03"
"Steven Stilianos","","5","TE","50.10","50.10","-","-"
"Cyrus Holder","CHI","14","WR","50.11","50.11","50.11","-"
"Moose Muhammad III","","","WR","50.11","57.06","42.03","-"
"Kenny Pickett","CLE","9","QB","50.11","58.11","42.06","22.03"
"Pro Wells","","","TE","50.12","-","50.12","-"
"Chad Beebe","","","WR","50.12","50.12","-","-"
"Treylon Burks","TEN","10","WR","51.01","58.06","44.02","59.01"
"Gus Edwards","","5","RB","51.02","59.04","45.08","58.02"
"David White Jr.","","8","WR","51.02","48.03","51.02","-"
"Albert Wilson","","","WR","51.03","51.03","51.03","-"
"Kendrick Bourne","NE","14","WR","51.04","58.06","44.04","55.09"
"Julian Hill","MIA","12","TE","51.04","52.07","44.05","46.01"
"Colby Suits","","12","QB","51.04","51.04","-","58.06"
"Jake Rudock","","","QB","51.05","51.05","51.05","42.09"
"Kylen Granson","PHI","9","TE","51.06","56.03","44.08","59.03"
"Levi Lewis","SEA","11","QB","51.06","51.06","51.06","-"
"Xavier Gipson","NYJ","9","WR","51.07","58.08","38.08","55.09"
"Chevan Cordeiro","","","QB","51.08","51.08","-","59.02"
"Brady Cook","NYJ","9","QB","51.08","56.02","44.09","58.03"
"Jerick McKinnon","","","RB","51.09","59.02","-","58.09"
"Theo Wease Jr.","MIA","12","WR","51.09","51.11","44.10","56.06"
"Jacob Sirmon","","10","QB","51.09","51.09","51.09","42.12"
"Ronald Jones","","","RB","51.10","51.10","-","-"
"Drew Anderson","","","QB","51.10","-","51.10","-"
"Grant Calcaterra","PHI","9","TE","51.10","58.04","44.11","55.05"
"Hassan Haskins","LAC","12","RB","51.11","58.12","44.12","59.01"
"Sewo Olonilua","","","RB","51.12","51.12","51.12","-"
"Devin Smith","","","WR","52.01","-","-","59.02"
"Colby Parkinson","LAR","8","TE","52.01","57.06","45.03","57.03"
"D.J. Montgomery","IND","11","WR","52.01","58.06","52.01","57.08"
"Chris Brooks","GB","5","RB","52.01","57.05","45.03","50.03"
"Deneric Prince","","6","RB","52.02","59.02","-","54.06"
"Jason Brownlee","KC","10","WR","52.02","52.02","-","-"
"Andrew Armstrong","MIA","12","WR","52.02","58.12","45.06","58.10"
"Donovan Edwards","NYJ","9","RB","52.04","56.11","43.02","58.08"
"Dillon Gabriel","CLE","9","QB","52.04","59.03","43.04","23.06"
"Akrum Wadley","","","RB","52.04","47.07","52.04","-"
"Luke Farrell","SF","14","TE","52.05","-","45.07","57.03"
"Will Howard","PIT","5","QB","52.07","58.11","44.05","24.01"
"Leonard Fournette","","","RB","52.07","58.04","-","42.09"
"Dare Ogunbowale","HOU","6","RB","52.07","59.05","45.10","57.04"
"Devin Leary","BAL","7","QB","52.08","52.08","52.08","-"
"Ja'Lynn Polk","NE","14","WR","52.09","59.03","46.04","31.05"
"Jordan Smallwood","","","WR","52.09","33.08","52.09","-"
"Travis Benjamin","","","WR","52.10","54.05","43.04","56.07"
"Raheem Blackshear","CAR","14","RB","52.10","58.11","46.05","42.01"
"Vyncint Smith","","","WR","52.10","-","52.10","-"
"Daniel Bellinger","NYG","14","TE","52.11","53.04","46.07","58.09"
"Brian Hill","","","RB","52.12","52.12","52.12","-"
"Mason Rudolph","PIT","5","QB","52.12","59.01","43.09","27.06"
"Malachi Corley","NYJ","9","WR","53.01","57.09","43.06","28.03"
"Nick Keizer","","","TE","53.02","56.02","44.01","-"
"Ryan Smith","","","TE","53.02","34.01","-","-"
"Dorian Thompson-Robinson","PHI","9","QB","53.03","43.11","46.08","41.12"
"Jacob Huesman","","","QB","53.04","53.04","53.04","-"
"Javon Baker","NE","14","WR","53.04","56.12","46.09","58.12"
"Josh Ali","","12","WR","53.05","-","53.05","-"
"Bo Melton","GB","5","WR","53.05","57.06","46.10","43.04"
"Robert Tonyan","KC","10","TE","53.06","-","46.11","41.10"
"Dalyn Dawkins","","","RB","53.06","56.03","-","-"
"De'Lance Turner","","","RB","53.08","-","45.04","-"
"Jordan Leggett","","","TE","53.08","53.08","53.08","-"
"Dom Wood-Anderson","","","TE","53.08","-","53.08","57.12"
"Aidan Robbins","","10","RB","53.09","-","53.09","-"
"Mitchell Evans","CAR","14","TE","53.09","59.03","44.05","59.03"
"James White","","","RB","53.10","-","45.05","34.04"
"Dwayne Harris","","","WR","53.11","-","53.11","-"
"Marchie Murdock","","","WR","53.12","53.12","53.12","-"
"Vernon Davis","","","TE","53.12","-","45.12","-"
"Devonte Boyd","","","WR","54.01","54.01","54.01","-"
"J.J. Arcega-Whiteside","","","WR","54.01","-","45.12","-"
"Tulu Griffin","","10","WR","54.02","54.02","54.02","58.09"
"Fred Brown","","","WR","54.02","-","46.02","-"
"Braxton Burmeister","","","WR","54.03","-","45.01","49.03"
"Jose Barbon","","","WR","54.04","-","46.06","-"
"Christian Wade","","","RB","54.05","-","47.02","-"
"Jalen Brooks","DAL","10","WR","54.05","56.08","-","59.04"
"Anthony Brown","","12","QB","54.06","54.06","54.06","-"
"Tony Poljan","","","TE","54.07","-","47.03","46.04"
"Mason Pline","NO","11","TE","54.07","46.03","54.07","58.03"
"Cole Beasley","","","WR","54.08","40.08","47.06","32.08"
"Mike Boone","","11","RB","54.08","-","46.05","-"
"C.J. Saunders","","","WR","54.09","54.09","54.09","-"
"Michael Young Jr.","","","WR","54.09","-","47.04","47.02"
"Dalton Keene","HOU","6","TE","54.10","54.10","54.10","-"
"Terry Godwin","","","WR","54.10","-","47.05","-"
"Matt Breida","","9","RB","54.11","-","54.11","43.08"
"Maurice Ffrench","","","WR","54.11","-","47.06","-"
"Joel Wilson","CHI","5","TE","54.11","54.11","-","58.11"
"Brian Hoyer","","13","QB","54.12","-","54.12","57.03"
"Bart Houston","","","QB","54.12","59.04","54.12","-"
"La'Mical Perine","","9","RB","54.12","-","47.07","-"
"Dustin Crum","","","QB","55.03","-","-","42.05"
"Tayvion Robinson","","11","WR","55.03","55.03","55.03","-"
"Ian Book","","5","QB","55.04","47.06","-","59.04"
"Justin Marshall","","","WR","55.05","55.05","55.05","62.12"
"Josh Caldwell","","","RB","55.06","55.06","55.06","-"
"Nathan Peterman","","12","QB","55.07","57.05","-","51.03"
"Tyrie Cleveland","","14","WR","55.07","45.08","55.07","-"
"Tre' McKitty","","9","TE","55.08","58.10","-","-"
"Cameron Brate","","","TE","55.09","55.09","-","-"
"Jordan Mims","TEN","10","RB","55.10","-","-","37.12"
"Calvin Tyler Jr.","","","RB","55.11","55.11","-","48.05"
"Camren McDonald","","","TE","55.12","55.12","55.12","44.10"
"Anthony Dable","","","WR","56.02","56.02","56.02","-"
"Kevin Foelsch","","5","TE","56.03","56.03","-","58.08"
"B.J. Emmons","","","RB","56.04","-","56.04","-"
"Trestan Ebner","","","RB","56.04","56.04","56.04","54.08"
"David Blough","","","QB","56.05","56.05","56.05","-"
"Duece Watts","","9","WR","56.06","56.06","-","41.08"
"Jerome Washington","","","TE","56.08","56.08","56.08","40.02"
"Terry Swanson","","","RB","56.09","56.09","56.09","-"
"C.J. Ham","MIN","6","RB","56.10","56.10","-","59.02"
"Shawn Bowman","JAX","8","TE","56.11","56.11","-","-"
"KJ Hill Jr.","","","WR","56.12","56.12","-","56.12"
"Justice Liggins","","","WR","57.01","57.01","57.01","-"
"Matt Sokol","BUF","7","TE","57.02","51.01","57.02","-"
"Mohamed Ibrahim","","6","RB","57.03","58.06","-","41.03"
"Hunter Kampmoyer","","14","TE","57.04","57.04","57.04","-"
"Dennis Houston","TB","9","WR","57.04","-","-","-"
"Jaylen Johnson","LAC","12","WR","57.05","57.05","57.05","-"
"Thomas Hennigan","","","WR","57.07","-","57.07","-"
"Titus Davis","","","WR","57.07","57.07","57.07","-"
"Mike Davis","","","RB","57.08","57.08","57.08","-"
"Ryan McDaniel","","","WR","58.01","-","58.01","-"
"Justin Rigg","","","TE","58.01","58.01","58.01","-"
"Melvin Gordon III","","","RB","58.02","-","-","59.01"
"Andrew Peasley","","12","QB","58.02","58.02","-","59.04"
"Jonah Trinnaman","","","WR","58.03","58.03","58.03","-"
"Jeff Foreman","","10","WR","58.04","58.04","58.04","-"
"Durham Smythe","CHI","5","TE","58.04","-","-","58.09"
"T.J. Yeldon","","","RB","58.05","58.05","58.05","-"
"Nathaniel Peat","","7","RB","58.05","-","58.05","48.09"
"Nelson Agholor","","14","WR","58.08","-","58.08","59.04"
"Taryn Christion","","","QB","58.08","58.08","58.08","-"
"Carlos Henderson","","","WR","58.10","58.10","58.10","-"
"Kevin Rader","","12","TE","58.12","-","58.12","-"
"Sony Michel","","","RB","58.12","49.09","-","-"
"Paul Quessenberry","","","RB","59.02","41.02","-","-"
"Cam Sutton","","","TE","59.04","-","59.04","-"
"Joe Reed","","","WR","59.04","59.04","-","35.06"
"Tyler Renew","","","RB","59.08","59.08","59.08","-"
"Tyler Davis","","14","TE","59.10","59.10","59.10","-"
"Kameron Johnson","TB","9","WR","59.11","59.11","-","-"
"Collin Johnson","LV","8","WR","59.12","59.12","-","45.07"
"Ryquell Armstead","","","RB","60.01","60.01","60.01","-"
"Jason Witten","","","TE","-","43.08","-","54.11"
"Marcedes Lewis","","7","TE","-","52.08","-","51.11"
"DeSean Jackson","","","WR","-","53.10","-","-"
"Matt Schaub","","","QB","-","42.01","-","56.12"
"Alex Smith","","","QB","-","46.02","-","36.11"
"Ryan Fitzpatrick","","","QB","-","38.11","-","55.08"
"Chase Daniel","","","QB","-","38.04","-","-"
"Emmanuel Sanders","","","WR","-","54.05","-","55.03"
"Joe Webb","","","QB","-","58.04","-","-"
"Ted Ginn Jr.","","","WR","-","42.10","-","34.12"
"Lee Smith","","","TE","-","38.01","-","-"
"Virgil Green","","","TE","-","53.12","-","-"
"Taiwan Jones","","","RB","-","57.01","-","-"
"Randall Cobb","","","WR","-","32.08","-","-"
"Julio Jones","","","WR","-","45.01","-","47.08"
"Mark Ingram II","","","RB","-","54.01","-","58.11"
"Brandon Bolden","","","RB","-","56.07","-","53.09"
"Ryan Tannehill","","","QB","-","52.09","-","58.09"
"Marvin Jones Jr.","","","WR","-","57.11","-","50.08"
"Robert Griffin III","","","QB","-","48.07","-","59.01"
"Alex Tanney","","","QB","-","45.11","-","45.10"
"Kyle Juszczyk","SF","14","RB","-","58.08","-","52.03"
"Giovani Bernard","","","RB","-","44.11","-","56.11"
"Rex Burkhead","","","RB","-","55.03","-","-"
"Cordarrelle Patterson","","5","RB","-","52.05","-","59.03"
"Mike Glennon","","","QB","-","56.03","-","35.04"
"Uzoma Nwachukwu","","","WR","-","57.06","-","42.10"
"Jaron Brown","","","WR","-","56.04","-","53.05"
"Sammy Watkins","","","WR","-","34.09","-","46.02"
"AJ McCarron","","","QB","-","56.09","-","45.07"
"Martavis Bryant","","14","WR","-","56.10","-","59.03"
"Allen Robinson II","","5","WR","-","26.07","-","-"
"Teddy Bridgewater","TB","9","QB","-","45.07","-","44.09"
"Roosevelt Nix","","","RB","-","58.04","-","-"
"John Brown","","","WR","-","56.09","-","-"
"Todd Gurley II","","","RB","-","53.05","-","49.04"
"DeVante Parker","","5","WR","-","28.03","-","-"
"Devin Funchess","","","TE","-","33.07","-","56.12"
"Duke Johnson","","","RB","-","57.10","-","45.05"
"Sean Mannion","","","QB","-","55.01","-","58.11"
"Jeff Heuerman","","","TE","-","30.07","-","-"
"Ty Montgomery II","","","WR","-","52.10","-","55.07"
"Jay Ajayi","","","RB","-","54.11","-","59.04"
"J.J. Nelson","","","WR","-","43.07","-","-"
"Kenny Bell","","","WR","-","49.07","-","-"
"Trevor Siemian","","5","QB","-","57.04","-","48.05"
"DeAndre Carter","CLE","9","WR","-","58.10","-","51.06"
"Eric Tomlinson","","5","TE","-","48.11","-","-"
"Matt LaCosse","","","TE","-","54.05","-","60.09"
"Carson Wentz","","6","QB","-","49.10","-","58.03"
"Paxton Lynch","","","QB","-","40.06","-","-"
"Sterling Shepard","TB","9","WR","-","51.08","-","46.12"
"Devontae Booker","","","RB","-","57.06","-","-"
"Jordan Howard","","","RB","-","34.06","-","-"
"Rashard Higgins","","","WR","-","55.11","-","-"
"Derek Watt","","","RB","-","48.03","-","-"
"Brandon Allen","TEN","10","QB","-","52.11","-","40.11"
"Robbie Chosen","SF","14","WR","-","38.09","-","61.05"
"Mike Bercovici","","","QB","-","30.02","-","-"
"Geronimo Allison","","","WR","-","31.04","-","-"
"Troymaine Pope","","","RB","-","53.09","-","-"
"Blake Sims","","","QB","-","47.05","-","52.09"
"DeShone Kizer","","","QB","-","56.04","-","35.08"
"John Ross","","8","WR","-","50.03","-","-"
"Chad Kelly","","","QB","-","59.04","-","-"
"Mo Alie-Cox","IND","11","TE","-","51.05","-","57.07"
"O.J. Howard","","","TE","-","55.09","-","-"
"Gerald Everett","","7","TE","-","57.06","-","53.04"
"C.J. Beathard","","12","QB","-","56.01","-","-"
"Jamaal Williams","","12","RB","-","32.09","-","59.01"
"Marlon Mack","","","RB","-","55.05","-","58.08"
"Isaiah McKenzie","","6","WR","-","57.08","-","57.01"
"Shelton Gibson","","","WR","-","36.11","-","-"
"Trent Taylor","SF","14","WR","-","57.02","-","-"
"Jeremy McNichols","WAS","12","RB","-","55.11","-","57.10"
"Chris Carson","","","RB","-","31.09","-","-"
"David Moore","CAR","14","WR","-","50.06","-","58.07"
"Johnny Mundt","JAX","8","TE","-","52.06","-","50.01"
"Bug Howard","","","TE","-","42.03","-","-"
"Karel Hamilton","","","WR","-","28.08","-","-"
"Aaron Peck","","","TE","-","44.04","-","61.02"
"Keon Hatcher","","","WR","-","44.04","-","-"
"Brandon Barnes","","","TE","-","26.08","-","-"
"Michael Rector","","","WR","-","43.06","-","-"
"Shaq Hill","","","WR","-","58.09","-","-"
"Tim Cook","","","RB","-","59.04","-","48.03"
"Gump Hayes","","","RB","-","45.11","-","-"
"C.J. Germany","","","WR","-","59.02","-","-"
"Kalen Ballage","","","RB","-","56.05","-","45.06"
"Dante Pettis","NO","11","WR","-","41.12","-","42.12"
"Jordan Akins","","10","TE","-","59.03","-","58.05"
"Nyheim Hines","LAC","12","RB","-","55.06","-","42.02"
"Antonio Callaway","","","WR","-","51.01","-","53.02"
"Chase Edmonds","","11","RB","-","31.02","-","-"
"Justin Watson","HOU","6","WR","-","56.11","-","47.12"
"John Kelly","","10","RB","-","58.08","-","-"
"Mike White","BUF","7","QB","-","31.10","-","58.04"
"Deon Cain","BUF","7","WR","-","58.08","-","-"
"Russell Gage Jr.","SF","14","WR","-","39.04","-","57.03"
"Bo Scarbrough","","","RB","-","59.01","-","-"
"Cedrick Wilson Jr.","NO","11","WR","-","53.02","-","52.07"
"Danny Etling","","","QB","-","42.01","-","-"
"Braxton Berrios","HOU","6","WR","-","58.06","-","58.12"
"Damoun Patterson","","","WR","-","33.07","-","-"
"Kyle Allen","DET","8","QB","-","41.10","-","52.12"
"Logan Woodside","","10","QB","-","35.07","-","-"
"Adonis Jennings","","","WR","-","43.03","-","-"
"Keith Kirkwood","BAL","7","WR","-","54.08","-","-"
"Phillip Lindsay","","","RB","-","57.11","-","-"
"Byron Pringle","","14","WR","-","52.05","-","-"
"Christian Blake","","","WR","-","38.11","-","-"
"Jake Roh","","","TE","-","58.12","-","-"
"Chase Litton","","","QB","-","43.06","-","-"
"Nic Shimonek","","","QB","-","57.10","-","-"
"Kamryn Pettway","","","RB","-","41.11","-","-"
"Austin Allen","","","QB","-","42.04","-","-"
"J.J. Jones","","8","WR","-","28.05","-","-"
"Brandon Powell","","6","WR","-","57.06","-","58.01"
"Tanner Hudson","CIN","10","TE","-","59.04","-","59.05"
"Chris Lacy","","","WR","-","51.02","-","59.02"
"Shay Fields","","","WR","-","26.01","-","36.10"
"Kayaune Ross","","","WR","-","58.07","-","-"
"Garrett Dickerson","","","TE","-","40.03","-","53.06"
"KhaDarel Hodge","ATL","5","WR","-","58.04","-","50.11"
"Jazz Ferguson","","","WR","-","58.12","-","-"
"Ryan Finley","","","QB","-","40.09","-","-"
"Myles Gaskin","","12","RB","-","48.11","-","-"
"Damien Harris","","","RB","-","27.09","-","-"
"Elijah Holyfield","","","RB","-","38.07","-","52.10"
"Alec Ingold","MIA","12","RB","-","54.04","-","58.12"
"Tyron Billy-Johnson","","7","WR","-","58.02","-","56.01"
"Drew Lock","SEA","8","QB","-","57.12","-","58.11"
"DaMarkus Lodge","","","WR","-","45.05","-","-"
"Trace McSorley","","14","QB","-","46.06","-","35.11"
"Jordan Scarlett","","","RB","-","29.08","-","-"
"LJ Scott","","","RB","-","31.01","-","-"
"Benny Snell Jr.","","","RB","-","58.06","-","52.07"
"Kahale Warring","","","TE","-","56.10","-","-"
"Tyre Brady","","","WR","-","58.04","-","52.06"
"Damon Sheehy-Guiseppi","","","WR","-","58.03","-","-"
"Chandler Cox","","","RB","-","56.12","-","-"
"Scotty Miller","PIT","5","WR","-","56.08","-","-"
"Wilton Speight","","","QB","-","37.12","-","-"
"Patrick Laird","","11","RB","-","26.03","-","-"
"Xavier Ubosi","","","WR","-","57.02","-","-"
"Darrin Hall","","","RB","-","46.09","-","-"
"Devlin Hodges","","","QB","-","34.09","-","53.01"
"Craig Reynolds","DET","8","RB","-","55.06","-","55.04"
"A.J. Ouellette","","","RB","-","55.04","-","54.05"
"Derrick Gore","","14","RB","-","27.03","-","-"
"Tyler Johnson","NYJ","9","WR","-","59.03","-","46.04"
"Reggie Begelton","","","WR","-","33.04","-","-"
"Devin Duvernay","CHI","5","WR","-","57.03","-","43.07"
"James Proche II","TEN","10","WR","-","49.10","-","59.04"
"Quintez Cephus","","14","WR","-","57.11","-","35.11"
"Tarik Black","MIA","12","WR","-","58.08","-","55.10"
"Marquez Callaway","","14","WR","-","56.08","-","33.10"
"Aaron Fuller","","","WR","-","51.11","-","-"
"Jason Huntley","","","RB","-","58.06","-","-"
"Rodney Smith","","","RB","-","26.05","-","-"
"Joshua Kelley","","5","RB","-","39.09","-","-"
"Cheyenne O'Grady","","","TE","-","44.01","-","-"
"Harrison Bryant","PHI","9","TE","-","54.11","-","59.02"
"Benny LeMay","","","RB","-","37.11","-","-"
"Josiah Deguara","ARI","8","TE","-","32.03","-","-"
"Trey Sermon","PIT","5","RB","-","58.07","-","58.11"
"DeeJay Dallas","ARI","8","RB","-","59.04","-","47.07"
"Steven Montez","","","QB","-","41.05","-","-"
"Jake Luton","","10","QB","-","59.03","-","-"
"Sam Ehlinger","DEN","12","QB","-","58.08","-","-"
"Shane Buechele","BUF","7","QB","-","49.09","-","-"
"Jacob Eason","","10","QB","-","56.08","-","-"
"Patrick Taylor Jr.","SF","14","RB","-","57.05","-","57.12"
"Jake Fromm","","5","QB","-","35.06","-","56.08"
"Levante Bellamy","","","RB","-","56.05","-","-"
"Scottie Phillips","","","RB","-","52.10","-","-"
"Chris Streveler","","","QB","-","57.08","-","58.11"
"Brian Herrien","","","RB","-","55.05","-","55.06"
"Quez Watkins","ARI","8","WR","-","26.10","-","-"
"Dezmon Patmon","","","WR","-","52.07","-","-"
"Cody White","SEA","8","WR","-","57.05","-","58.10"
"James Robinson","","12","RB","-","49.11","-","-"
"Charlie Woerner","ATL","5","TE","-","53.09","-","57.08"
"Pete Guerriero","","","RB","-","59.03","-","49.08"
"Josh Love","","","QB","-","40.06","-","-"
"Riley Neal","","","QB","-","48.03","-","52.07"
"Jalen McCleskey","","","WR","-","44.06","-","-"
"Bronson Rechsteiner","","","RB","-","44.07","-","-"
"Reggie Gilliam","BUF","7","RB","-","50.02","-","56.11"
"DeMichael Harris","","","WR","-","37.10","-","-"
"Ben Ellefson","","","TE","-","29.06","-","-"
"Justice Shelton-Mosley","","","WR","-","34.11","-","-"
"Jeff Cotton","","","WR","-","47.10","-","-"
"Case Cookus","","","QB","-","45.12","-","59.01"
"Sandro Platzgummer","","","RB","-","51.02","-","48.08"
"Mason Kinsey","TEN","10","WR","-","28.06","-","-"
"Tommy Hudson","","12","TE","-","57.01","-","-"
"Nick Tiano","","","QB","-","55.12","-","-"
"Nathan Cottrell","","","RB","-","58.07","-","-"
"Napoleon Maxwell","","","RB","-","26.12","-","-"
"Connor Davis","","","TE","-","30.09","-","-"
"Feleipe Franks","ATL","5","TE","-","58.09","-","-"
"Desmond Ridder","CIN","10","QB","-","56.07","-","58.09"
"Brevin Jordan","HOU","6","TE","-","58.05","-","55.08"
"Kenny Yeboah","DET","8","TE","-","41.08","-","-"
"CJ Verdell","","","RB","-","57.07","-","-"
"Demetric Felton","WAS","12","RB","-","57.08","-","-"
"Trey Ragas","","","RB","-","37.12","-","-"
"Pooka Williams Jr.","","","WR","-","29.12","-","-"
"Michael Carter","ARI","8","RB","-","58.09","-","56.03"
"Jermar Jefferson","TEN","10","RB","-","33.11","-","-"
"Ben Skowronek","PIT","5","WR","-","54.11","-","56.12"
"Dez Fitzpatrick","LAC","12","WR","-","58.04","-","45.09"
"Frank Darby","","9","WR","-","56.02","-","-"
"Ihmir Smith-Marsette","NYG","14","WR","-","57.04","-","48.09"
"Ty Fryfogle","","","WR","-","49.07","-","-"
"Tylan Wallace","BAL","7","WR","-","58.11","-","50.03"
"Sage Surratt","","11","TE","-","28.02","-","61.10"
"Reggie Roberson Jr.","","","WR","-","37.10","-","-"
"Rondale Moore","MIN","6","WR","-","59.02","-","59.01"
"Josh Imatorbhebhe","","","WR","-","58.03","-","-"
"Brandon Smith","NYJ","9","WR","-","34.10","-","52.11"
"Simi Fehoko","ARI","8","WR","-","33.10","-","-"
"Jeremiah Haydel","","","WR","-","27.12","-","-"
"Chris Evans","","12","RB","-","44.12","-","33.02"
"John Bates","WAS","12","TE","-","57.07","-","50.10"
"Connor Wedington","","","WR","-","30.03","-","-"
"Terrace Marshall Jr.","PHI","9","WR","-","58.11","-","45.06"
"Mathew Sexton","","6","WR","-","34.03","-","57.04"
"Avery Williams","PHI","9","WR","-","58.02","-","51.12"
"Austin Trammell","JAX","8","WR","-","57.07","-","-"
"Brock Wright","DET","8","TE","-","57.10","-","58.04"
"Graham Adomitis","","","TE","-","26.11","-","-"
"Charlie Kolar","BAL","7","TE","-","58.05","-","46.08"
"Jalen Wydermyer","","","TE","-","57.10","-","-"
"Will Mallory","IND","11","TE","-","51.04","-","55.07"
"Joseph Ngata","","5","WR","-","58.02","-","-"
"Jonathan Mingo","DAL","10","WR","-","58.10","-","58.06"
"Kearis Jackson","","14","WR","-","51.11","-","41.01"
"Rakim Jarrett","TB","9","WR","-","58.06","-","59.05"
"Skyy Moore","KC","10","WR","-","58.12","-","59.03"
"Zach Evans","","9","RB","-","27.02","-","55.11"
"Kedon Slovis","HOU","6","QB","-","58.10","-","-"
"Eric Gray","NYG","14","RB","-","56.06","-","58.10"
"Jase McClellan","","5","RB","-","26.06","-","59.05"
"SaRodorick Thompson Jr.","","6","RB","-","58.11","-","53.07"
"Kendall Milton","CIN","10","RB","-","58.08","-","58.07"
"Pierre Strong Jr.","CLE","9","RB","-","50.04","-","44.06"
"Tyler Badie","DEN","12","RB","-","54.08","-","59.04"
"Travis Dye","","","RB","-","56.12","-","43.10"
"Jake Haener","NO","11","QB","-","57.07","-","53.04"
"Bailey Zappe","KC","10","QB","-","49.12","-","32.11"
"Stanley Berryhill","","","WR","-","42.06","-","-"
"Jerrion Ealy","","","WR","-","42.04","-","-"
"Erik Ezukanma","MIA","12","WR","-","36.12","-","-"
"Cole Fotheringham","NE","14","TE","-","58.06","-","-"
"Tyler Goodson","IND","11","RB","-","57.07","-","56.02"
"Teagan Quitoriano","ATL","5","TE","-","57.09","-","36.02"
"Braylon Sanders","WAS","12","WR","-","58.05","-","-"
"Jalen Cropper","DAL","10","WR","-","57.09","-","37.11"
"Michael Woods II","","9","WR","-","52.09","-","58.03"
"Skylar Thompson","PIT","5","QB","-","55.12","-","58.09"
"Velus Jones Jr.","NO","11","RB","-","53.10","-","50.11"
"Connor Heyward","PIT","5","TE","-","55.10","-","-"
"Derrick Deese Jr.","","","TE","-","59.01","-","-"
"Savon Scarver","CHI","10","WR","-","56.09","-","-"
"Lucas Krull","DEN","12","TE","-","58.02","-","49.10"
"Samson Nacua","","12","WR","-","57.12","-","62.07"
"Tayon Fleet-Davis","","","RB","-","57.05","-","-"
"Malik Williams","BUF","7","WR","-","58.02","-","-"
"Rodney Williams","","9","TE","-","58.05","-","-"
"Aaron Shampklin","","9","RB","-","56.12","-","38.10"
"Zaire Mitchell-Paden","BAL","7","TE","-","53.07","-","-"
"Jared Bernhardt","","","WR","-","57.10","-","-"
"Dylan Parham","","","TE","-","31.06","-","-"
"Tyreik McAllister","","10","WR","-","59.04","-","49.11"
"Ra'Shaun Henry","","","WR","-","49.12","-","-"
"John Lovett","","","RB","-","58.06","-","-"
"Kevin Shaa","","","WR","-","59.03","-","-"
"JaVonta Payton","","","WR","-","50.09","-","-"
"Kyric McGowan","","6","WR","-","57.04","-","-"
"Bam Knight","ARI","8","RB","-","39.10","-","56.03"
"Armani Rogers","","12","TE","-","59.05","-","-"
"Grayson Gunter","","","TE","-","58.02","-","-"
"Malik Davis","","7","RB","-","57.09","-","-"
"Lujuan Winningham","","","WR","-","35.02","-","-"
"Thomas Odukoya","TEN","10","TE","-","56.02","-","-"
"Landon Lenoir","CHI","10","WR","-","59.03","-","-"
"Keshunn Abram","","","WR","-","30.12","-","-"
"John Mitchell","SEA","11","WR","-","56.04","-","-"
"Raleigh Webb","","11","WR","-","57.01","-","50.06"
"Jared Scott","","","TE","-","39.05","-","-"
"Derius Davis","LAC","12","WR","-","58.06","-","43.12"
"Charlie Jones","CIN","10","WR","-","57.07","-","52.07"
"Davis Allen","LAR","8","TE","-","58.07","-","58.03"
"Brayden Willis","SF","14","TE","-","56.01","-","55.02"
"Payne Durham","TB","9","TE","-","56.12","-","58.10"
"Jalen Wayne","","10","WR","-","58.10","-","58.01"
"Max Duggan","","5","QB","-","50.06","-","43.11"
"Israel Abanikanda","GB","5","RB","-","58.09","-","58.06"
"Deuce Vaughn","DAL","10","RB","-","58.06","-","58.11"
"Bryce Ford-Wheaton","NYG","14","WR","-","58.09","-","58.10"
"Evan Hull","PIT","5","RB","-","53.08","-","58.08"
"Zack Kuntz","NYJ","9","TE","-","58.03","-","-"
"DeWayne McBride","","6","RB","-","57.06","-","49.03"
"Tyler Scott","CHI","5","WR","-","31.11","-","59.01"
"Malik Cunningham","BAL","7","WR","-","58.08","-","56.06"
"Khalan Laborn","","","RB","-","57.05","-","55.05"
"Brycen Tremayne","CAR","14","WR","-","40.02","-","-"
"Daniel Arias","","11","WR","-","31.07","-","51.04"
"Carlos Washington Jr.","ATL","5","RB","-","28.11","-","-"
"Toa Taua","CLE","9","RB","-","40.12","-","35.07"
"Wayne Taulapapa","","","RB","-","54.09","-","56.06"
"Tyler Hudson","","","WR","-","36.11","-","59.12"
"Mac Hippenhammer","","","WR","-","52.05","-","58.10"
"Shaquan Davis","","9","WR","-","47.08","-","53.11"
"Malik Knowles","","14","WR","-","42.09","-","49.03"
"Mitchell Tinsley","CIN","10","WR","-","44.09","-","58.07"
"Xavier Hutchinson","HOU","6","WR","-","59.02","-","52.09"
"Stetson Bennett","LAR","8","QB","-","49.05","-","49.05"
"Blake Whiteheart","CLE","9","TE","-","55.03","-","-"
"Kenny McIntosh","SEA","8","RB","-","58.09","-","58.01"
"Noah Gindorff","","","TE","-","42.07","-","35.05"
"Jaray Jenkins","","9","WR","-","52.03","-","54.11"
"Cameron Latu","PHI","9","TE","-","58.11","-","44.11"
"Camerun Peoples","","","RB","-","54.01","-","56.04"
"Xazavian Valladay","","11","RB","-","58.08","-","58.08"
"Colton Dowell","","10","WR","-","39.12","-","32.10"
"Robert Burns","","12","RB","-","59.04","-","52.01"
"Adrian Martinez","NYJ","9","QB","-","50.04","-","49.02"
"Jalen Sample","","","WR","-","50.11","-","50.07"
"Darius Hagans","","","RB","-","26.04","-","-"
"Ben Sims","GB","5","TE","-","49.10","-","55.12"
"Ronald Awatt","","","RB","-","51.12","-","48.04"
"Tanner Morgan","","","QB","-","55.01","-","40.03"
"Johnny Lumpkin","GB","5","TE","-","29.10","-","-"
"Cephus Johnson III","","11","WR","-","55.03","-","53.01"
"Thayer Thomas","MIN","6","WR","-","58.03","-","32.12"
"James Blackman","","","QB","-","44.10","-","43.03"
"Ontaria Wilson","NYJ","9","WR","-","43.11","-","62.11"
"Johnny King","","","WR","-","52.10","-","-"
"Jared Wayne","","6","WR","-","57.06","-","48.11"
"Nolan Henderson","","","QB","-","45.08","-","53.03"
"Holton Ahlers","","","QB","-","46.11","-","59.06"
"Elijah Dotson","ATL","5","RB","-","51.11","-","-"
"Tyler Hoosman","","","RB","-","52.12","-","54.11"
"Terrell Bynum","","10","WR","-","58.10","-","54.04"
"Michael Ezeike","","10","TE","-","59.01","-","39.01"
"Taye Barber","","","WR","-","29.07","-","50.03"
"Aron Cruickshank","","","WR","-","36.01","-","59.03"
"Christian Trahan","","","TE","-","29.04","-","51.09"
"Kazmeir Allen","WAS","12","RB","-","57.11","-","56.10"
"Jordan Byrd","","","WR","-","51.01","-","46.08"
"Chuck McClelland","","","RB","-","59.05","-","50.10"
"Joel Honigford","","","TE","-","58.02","-","54.07"
"Griffin Hebert","","5","WR","-","53.08","-","34.09"
"Xavier Smith","LAR","8","WR","-","58.06","-","50.09"
"Shedrick Jackson","LV","8","WR","-","33.12","-","54.07"
"Oliver Martin","","","WR","-","34.03","-","-"
"Elijah Cooks","PHI","9","WR","-","36.07","-","-"
"Christian Sims","","","TE","-","52.02","-","48.08"
"Dresser Winn","LAR","8","QB","-","57.11","-","46.10"
"Zion Bowens","","","WR","-","44.03","-","46.08"
"Thyrick Pitts","","6","WR","-","31.08","-","49.10"
"Ellis Merriweather","","10","RB","-","52.09","-","46.12"
"Austin Aune","","","QB","-","58.02","-","44.10"
"Lucky Jackson","MIN","6","WR","-","52.04","-","54.07"
"La'Michael Pettway","","14","TE","-","34.12","-","-"
"Avery Davis","","","WR","-","28.04","-","45.03"
"Lachlan Pitts","","","TE","-","57.10","-","-"
"Jamari Thrash","CLE","9","WR","-","59.02","-","58.02"
"Drake Dabney","TEN","10","TE","-","50.10","-","-"
"Jason Bean","IND","11","QB","-","58.08","-","51.08"
"Carter Bradley","SF","14","QB","-","57.10","-","58.10"
"Rasheen Ali","BAL","7","RB","-","58.09","-","54.08"
"Blake Watson","DEN","12","RB","-","53.11","-","59.05"
"Frank Gore Jr.","BUF","7","RB","-","59.05","-","59.01"
"Jaheim Bell","NE","14","TE","-","59.01","-","58.12"
"Sam Hartman","WAS","12","QB","-","56.11","-","51.10"
"Austin Reed","CHI","5","QB","-","59.03","-","-"
"Jha'Quan Jackson","TEN","10","WR","-","58.11","-","43.09"
"Bub Means","NO","11","WR","-","58.12","-","59.04"
"Brevyn Spann-Ford","DAL","10","TE","-","55.08","-","51.06"
"Marcus Rosemy-Jacksaint","","5","WR","-","37.05","-","-"
"Tip Reiman","ARI","8","TE","-","35.03","-","57.04"
"Tahj Washington","MIA","12","WR","-","57.06","-","58.12"
"Micah Bernard","","10","RB","-","58.08","-","-"
"Josh Williams","TB","9","RB","-","33.01","-","-"
"Casey Washington","ATL","5","WR","-","55.08","-","59.02"
"Darius Cooper","PHI","9","WR","-","58.06","-","-"
"John Rhys Plumlee","SEA","8","WR","-","48.06","-","34.10"
"Zakhari Franklin","","8","WR","-","56.05","-","59.03"
"Chris Tyree","NO","11","WR","-","59.02","-","-"
"Jack Plummer","CAR","14","QB","-","47.02","-","-"
"Zack Annexstad","","11","QB","-","59.02","-","-"
"Sam Wiglusz","","6","WR","-","56.03","-","-"
"Reggie Brown","","","WR","-","55.09","-","-"
"Ty James","","6","WR","-","59.06","-","39.09"
"Gavin Hardison","","6","QB","-","54.10","-","46.08"
"Ian Wheeler","CHI","5","RB","-","59.04","-","-"
"Jadon Janke","","5","WR","-","47.11","-","-"
"Casey Bauman","","5","QB","-","59.04","-","57.08"
"Ahmarean Brown","","12","WR","-","40.08","-","57.02"
"David Martin-Robinson","TEN","10","TE","-","43.06","-","-"
"Colson Yankoff","WAS","12","TE","-","59.04","-","58.07"
"Jerjuan Newton","DEN","12","WR","-","32.10","-","-"
"Silas Bolden","MIN","6","WR","-","30.01","-","-"
"Ulysses Bentley IV","IND","11","RB","-","54.02","-","-"
"Jake Briningstool","KC","10","TE","-","42.04","-","56.09"
"Jackson Hawes","BUF","7","TE","-","58.05","-","57.06"
"Caden Prieskorn","DEN","12","TE","-","59.02","-","-"
"Daniel Jackson","HOU","6","WR","-","57.09","-","58.11"
"Da'Quan Felton","NYG","14","WR","-","48.02","-","-"
"Will Sheppard","GB","5","WR","-","29.10","-","-"
"Lan Larison","NE","14","RB","-","57.09","-","58.12"
"Taylor Elgersma","GB","5","QB","-","37.03","-","59.04"
"Seth Henigan","JAX","8","QB","-","40.03","-","57.09"
"Max Brosmer","MIN","6","QB","-","56.11","-","-"
"Beaux Collins","NYG","14","WR","-","56.10","-","58.11"
"Traeshon Holden","DAL","10","WR","-","33.05","-","-"
"LaJohntay Wester","BAL","7","WR","-","49.05","-","45.03"
"Gavin Bartholomew","MIN","6","TE","-","58.04","-","59.02"
"Jalin Conyers","MIA","12","TE","-","55.05","-","45.09"
"Joshua Simon","ATL","5","TE","-","57.01","-","51.04"
"Robbie Ouzts","SEA","8","RB","-","57.12","-","58.05"
"Hunter Dekkers","","11","QB","-","56.04","-","-"
"Ethan Garbers","","14","QB","-","37.06","-","-"
"Tre Stewart","MIN","6","RB","-","56.11","-","58.05"
"Rivaldo Fairweather","DAL","10","TE","-","35.06","-","-"
"Carter Runyon","LV","8","TE","-","51.02","-","-"
"Caleb Lohner","DEN","12","TE","-","34.04","-","58.12"
"Junior Bergen","SF","14","WR","-","59.01","-","-"
"Dontae Fleming","MIN","6","WR","-","59.03","-","-"
"Dalen Cambre","NYG","14","WR","-","53.01","-","-"
"DJ Thomas-Jones","PIT","5","RB","-","57.12","-","-"
"Luke Grimm","LAC","12","WR","-","56.08","-","-"
"Connor Bazelak","TB","9","QB","-","45.10","-","-"
"Joaquin Davis","DEN","12","WR","-","55.06","-","-"
"Kelly Akharaiyi","BUF","7","WR","-","32.03","-","-"
"Stephen Gosnell","BUF","7","WR","-","49.04","-","-"
"JP Richardson","CHI","5","WR","-","33.03","-","-"
"Keleki Latu","BUF","7","TE","-","58.04","-","-"
"Courtney Jackson","DEN","12","WR","-","58.02","-","-"
"Bryson Green","ARI","8","WR","-","56.06","-","-"
"Oscar Cardenas","ARI","8","TE","-","55.12","-","-"
"Moochie Dixon","NO","11","WR","-","49.01","-","-"
"A.J. Henning","MIA","12","WR","-","47.04","-","-"
"Deion Hankins","CHI","5","RB","-","28.12","-","59.03"
"Tyrone Broden","SEA","8","WR","-","36.04","-","-"
"Jacoby Jones","WAS","12","WR","-","56.04","-","-"
"Jimmy Holiday","KC","10","WR","-","54.09","-","59.03"
"Ja'Seem Reed","CAR","14","WR","-","32.01","-","58.10"
"Luke Floriea","CLE","9","WR","-","57.04","-","58.10"
"Key'Shawn Smith","KC","10","WR","-","27.01","-","59.04"
"Cade McDonald","CLE","9","WR","-","57.02","-","-"
"Ife Adeyi","PHI","9","WR","-","28.09","-","-"