"Name","Team","TGT","TGT%","REC","REC%","CATCH%","TDS","TD%","TGT","TGT%","REC","REC%","CATCH%","TDS","TD%"
"Ja'Marr Chase","CIN","36","20.6%","22","17.3%","61.1%","8","47.1%","17","9.7%","7","5.5%","41.2%","5","29.4%"
"Davante Adams","NYJ","25","17.7%","12","14.1%","48.0%","6","75.0%","16","11.3%","7","8.2%","43.8%","5","62.5%"
"Amon-Ra St. Brown","DET","32","22.7%","24","20.9%","75.0%","9","75.0%","15","10.6%","12","10.4%","80.0%","9","75.0%"
"Tee Higgins","CIN","24","22.0%","14","19.2%","58.3%","7","70.0%","14","12.8%","6","8.2%","42.9%","5","50.0%"
"Jonnu Smith","MIA","19","17.1%","15","17.0%","78.9%","7","87.5%","13","11.7%","9","10.2%","69.2%","7","87.5%"
"Justin Jefferson","MIN","24","15.6%","15","14.6%","62.5%","6","60.0%","12","7.8%","5","4.9%","41.7%","3","30.0%"
"Trey McBride","ARI","21","14.3%","11","9.9%","52.4%","2","100.0%","12","8.2%","4","3.6%","33.3%","2","100.0%"
"George Kittle","SF","21","22.3%","18","23.1%","85.7%","8","100.0%","11","11.7%","8","10.3%","72.7%","6","75.0%"
"Mike Evans","TB","15","13.6%","8","10.8%","53.3%","7","63.6%","10","9.1%","6","8.1%","60.0%","6","54.5%"
"Hunter Henry","NE","18","18.6%","10","15.2%","55.6%","2","100.0%","10","10.3%","5","7.6%","50.0%","2","100.0%"
"Garrett Wilson","NYJ","23","14.9%","12","11.9%","52.2%","4","57.1%","10","6.5%","6","5.9%","60.0%","4","57.1%"
"Drake London","ATL","25","15.8%","15","15.0%","60.0%","7","77.8%","10","6.3%","4","4.0%","40.0%","4","44.4%"
"Andrei Iosivas","CIN","10","16.4%","7","19.4%","70.0%","6","100.0%","10","16.4%","7","19.4%","70.0%","6","100.0%"
"Malik Nabers","NYG","15","8.8%","6","5.5%","40.0%","3","42.9%","10","5.9%","4","3.7%","40.0%","3","42.9%"
"Zach Ertz","WAS","20","22.0%","13","19.7%","65.0%","7","100.0%","9","9.9%","6","9.1%","66.7%","6","85.7%"
"Travis Kelce","KC","26","19.5%","19","19.6%","73.1%","3","100.0%","9","6.8%","7","7.2%","77.8%","2","66.7%"
"Tyreek Hill","MIA","18","14.6%","9","11.1%","50.0%","5","83.3%","9","7.3%","5","6.2%","55.6%","4","66.7%"
"Courtland Sutton","DEN","22","16.3%","13","16.0%","59.1%","7","87.5%","9","6.7%","7","8.6%","77.8%","4","50.0%"
"Diontae Johnson","HOU","12","17.9%","3","9.1%","25.0%","2","66.7%","9","13.4%","2","6.1%","22.2%","2","66.7%"
"Nico Collins","HOU","13","13.1%","7","10.3%","53.8%","5","71.4%","9","9.1%","5","7.4%","55.6%","5","71.4%"
"Sam LaPorta","DET","19","22.9%","12","20.0%","63.2%","5","71.4%","9","10.8%","5","8.3%","55.6%","4","57.1%"
"Jordan Addison","MIN","18","18.2%","16","25.4%","88.9%","6","66.7%","9","9.1%","8","12.7%","88.9%","4","44.4%"
"Wan'Dale Robinson","NYG","18","12.9%","11","11.8%","61.1%","3","100.0%","9","6.4%","5","5.4%","55.6%","3","100.0%"
"Brian Thomas Jr.","JAX","16","12.0%","11","12.6%","68.8%","8","80.0%","9","6.8%","5","5.7%","55.6%","4","40.0%"
"DeAndre Hopkins","KC","11","13.8%","5","8.9%","45.5%","5","100.0%","8","10.0%","4","7.1%","50.0%","4","80.0%"
"Keenan Allen","CHI","15","12.4%","6","8.6%","40.0%","5","71.4%","8","6.6%","4","5.7%","50.0%","4","57.1%"
"Demarcus Robinson","LAR","12","18.8%","5","16.1%","41.7%","5","71.4%","8","12.5%","5","16.1%","62.5%","5","71.4%"
"David Njoku","CLE","12","12.4%","5","7.8%","41.7%","4","80.0%","8","8.2%","3","4.7%","37.5%","3","60.0%"
"Cooper Kupp","LAR","10","10.0%","6","9.0%","60.0%","4","66.7%","8","8.0%","4","6.0%","50.0%","3","50.0%"
"Terry McLaurin","WAS","15","12.8%","13","15.9%","86.7%","10","76.9%","8","6.8%","8","9.8%","100.0%","7","53.8%"
"Jauan Jennings","SF","15","13.3%","8","10.4%","53.3%","5","83.3%","8","7.1%","3","3.9%","37.5%","3","50.0%"
"Cade Otton","TB","15","17.2%","10","16.9%","66.7%","4","100.0%","8","9.2%","4","6.8%","50.0%","3","75.0%"
"Isaiah Likely","BAL","13","22.4%","8","19.0%","61.5%","5","83.3%","8","13.8%","5","11.9%","62.5%","4","66.7%"
"Ladd McConkey","LAC","9","8.0%","7","8.5%","77.8%","5","71.4%","8","7.1%","7","8.5%","87.5%","5","71.4%"
"Nick Westbrook-Ikhine","TEN","9","15.0%","7","21.9%","77.8%","6","66.7%","7","11.7%","5","15.6%","71.4%","5","55.6%"
"Van Jefferson","PIT","8","20.0%","5","20.8%","62.5%","2","100.0%","7","17.5%","4","16.7%","57.1%","2","100.0%"
"Jalen Tolbert","DAL","13","16.5%","8","16.3%","61.5%","7","100.0%","7","8.9%","5","10.2%","71.4%","5","71.4%"
"George Pickens","PIT","16","15.5%","7","11.9%","43.8%","3","100.0%","7","6.8%","0","0.0%","0.0%","0","0.0%"
"Chase Brown","CIN","13","20.0%","9","16.7%","69.2%","4","100.0%","7","10.8%","6","11.1%","85.7%","3","75.0%"
"Xavier Worthy","KC","18","18.4%","11","18.6%","61.1%","4","66.7%","7","7.1%","4","6.8%","57.1%","4","66.7%"
"Brandin Cooks","DAL","8","14.8%","2","7.7%","25.0%","2","66.7%","6","11.1%","2","7.7%","33.3%","2","66.7%"
"Tyler Lockett","SEA","9","12.2%","2","4.1%","22.2%","1","50.0%","6","8.1%","1","2.0%","16.7%","1","50.0%"
"Kareem Hunt","KC","10","31.3%","7","30.4%","70.0%","0","0.0%","6","18.8%","3","13.0%","50.0%","0","0.0%"
"Mack Hollins","BUF","7","14.0%","5","16.1%","71.4%","4","80.0%","6","12.0%","4","12.9%","66.7%","3","60.0%"
"Aaron Jones","MIN","18","29.0%","14","27.5%","77.8%","2","100.0%","6","9.7%","5","9.8%","83.3%","2","100.0%"
"Mark Andrews","BAL","15","21.7%","13","23.6%","86.7%","11","100.0%","6","8.7%","6","10.9%","100.0%","6","54.5%"
"DJ Moore","CHI","21","15.0%","13","13.3%","61.9%","2","33.3%","6","4.3%","5","5.1%","83.3%","2","33.3%"
"Tyler Conklin","NYJ","9","12.5%","6","11.8%","66.7%","4","100.0%","6","8.3%","3","5.9%","50.0%","3","75.0%"
"Jakobi Meyers","LV","15","11.6%","8","9.2%","53.3%","3","75.0%","6","4.7%","2","2.3%","33.3%","2","50.0%"
"Zay Flowers","BAL","8","6.9%","4","5.4%","50.0%","3","75.0%","6","5.2%","2","2.7%","33.3%","2","50.0%"
"Jaxon Smith-Njigba","SEA","13","9.5%","8","8.0%","61.5%","5","83.3%","6","4.4%","2","2.0%","33.3%","2","33.3%"
"Rachaad White","TB","11","19.3%","11","21.6%","100.0%","5","83.3%","6","10.5%","6","11.8%","100.0%","2","33.3%"
"Dontayvion Wicks","GB","15","19.7%","11","28.2%","73.3%","4","80.0%","6","7.9%","4","10.3%","66.7%","2","40.0%"
"Josh Downs","IND","14","13.1%","7","9.7%","50.0%","2","40.0%","6","5.6%","2","2.8%","33.3%","2","40.0%"
"De'Von Achane","MIA","14","16.1%","12","15.4%","85.7%","6","100.0%","6","6.9%","5","6.4%","83.3%","2","33.3%"
"Brock Bowers","LV","14","9.2%","7","6.3%","50.0%","1","20.0%","6","3.9%","2","1.8%","33.3%","0","0.0%"
"Marvin Harrison Jr.","ARI","14","12.1%","6","9.7%","42.9%","5","62.5%","6","5.2%","3","4.8%","50.0%","3","37.5%"
"Xavier Legette","CAR","12","14.3%","6","12.2%","50.0%","4","100.0%","6","7.1%","5","10.2%","83.3%","4","100.0%"
"Stefon Diggs","HOU","6","9.4%","6","12.8%","100.0%","3","100.0%","5","7.8%","5","10.6%","100.0%","3","100.0%"
"Joe Mixon","HOU","7","13.5%","3","8.3%","42.9%","1","100.0%","5","9.6%","3","8.3%","60.0%","1","100.0%"
"Chris Godwin","TB","7","11.3%","7","14.0%","100.0%","3","60.0%","5","8.1%","5","10.0%","100.0%","3","60.0%"
"Tim Patrick","DET","8","18.2%","6","18.2%","75.0%","3","100.0%","5","11.4%","4","12.1%","80.0%","2","66.7%"
"DK Metcalf","SEA","9","8.3%","3","4.5%","33.3%","1","20.0%","5","4.6%","0","0.0%","0.0%","0","0.0%"
"Foster Moreau","NO","9","20.9%","6","18.8%","66.7%","4","80.0%","5","11.6%","4","12.5%","80.0%","3","60.0%"
"Deebo Samuel Sr.","SF","14","17.3%","10","19.6%","71.4%","2","66.7%","5","6.2%","3","5.9%","60.0%","1","33.3%"
"Trenton Irwin","CIN","6","60.0%","2","66.7%","33.3%","0","0.0%","5","50.0%","2","66.7%","40.0%","0","0.0%"
"DeVonta Smith","PHI","11","12.4%","8","11.8%","72.7%","3","37.5%","5","5.6%","4","5.9%","80.0%","3","37.5%"
"Gabe Davis","JAX","10","23.8%","4","20.0%","40.0%","1","50.0%","5","11.9%","1","5.0%","20.0%","1","50.0%"
"Jalen Nailor","MIN","7","16.7%","4","14.3%","57.1%","4","66.7%","5","11.9%","4","14.3%","80.0%","4","66.7%"
"Michael Wilson","ARI","8","11.3%","6","12.8%","75.0%","3","75.0%","5","7.0%","4","8.5%","80.0%","2","50.0%"
"Keon Coleman","BUF","10","17.5%","4","13.8%","40.0%","2","50.0%","5","8.8%","1","3.4%","20.0%","1","25.0%"
"Bucky Irving","TB","8","15.4%","7","14.9%","87.5%","0","0.0%","5","9.6%","4","8.5%","80.0%","0","0.0%"
"Jalen McMillan","TB","7","12.1%","7","18.9%","100.0%","4","50.0%","5","8.6%","5","13.5%","100.0%","2","25.0%"
"Ameer Abdullah","LV","6","12.8%","6","15.0%","100.0%","3","100.0%","4","8.5%","4","10.0%","100.0%","3","100.0%"
"Sterling Shepard","TB","6","11.8%","3","9.4%","50.0%","1","100.0%","4","7.8%","1","3.1%","25.0%","1","100.0%"
"Nick Vannett","TEN","5","25.0%","4","23.5%","80.0%","3","100.0%","4","20.0%","3","17.6%","75.0%","3","100.0%"
"David Moore","CAR","11","19.3%","6","18.8%","54.5%","3","100.0%","4","7.0%","2","6.3%","50.0%","2","66.7%"
"Jordan Akins","CLE","7","12.1%","3","7.5%","42.9%","2","100.0%","4","6.9%","2","5.0%","50.0%","1","50.0%"
"Lil'Jordan Humphrey","DEN","6","13.3%","2","6.5%","33.3%","0","0.0%","4","8.9%","1","3.2%","25.0%","0","0.0%"
"A.J. Brown","PHI","10","10.3%","7","10.4%","70.0%","4","57.1%","4","4.1%","4","6.0%","100.0%","3","42.9%"
"Tyler Johnson","LAR","9","22.0%","4","15.4%","44.4%","1","100.0%","4","9.8%","2","7.7%","50.0%","1","100.0%"
"Cam Akers","MIN","4","22.2%","3","21.4%","75.0%","3","100.0%","4","22.2%","3","21.4%","75.0%","3","100.0%"
"Jerry Jeudy","CLE","13","9.0%","4","4.4%","30.8%","1","25.0%","4","2.8%","1","1.1%","25.0%","1","25.0%"
"Michael Pittman Jr.","IND","13","11.7%","7","10.1%","53.8%","3","100.0%","4","3.6%","4","5.8%","100.0%","3","100.0%"
"Cole Kmet","CHI","8","14.5%","8","17.0%","100.0%","3","75.0%","4","7.3%","4","8.5%","100.0%","3","75.0%"
"Noah Gray","KC","9","18.4%","9","22.5%","100.0%","4","80.0%","4","8.2%","4","10.0%","100.0%","3","60.0%"
"Pat Freiermuth","PIT","14","17.9%","13","20.0%","92.9%","6","85.7%","4","5.1%","4","6.2%","100.0%","4","57.1%"
"Kyren Williams","LAR","9","22.5%","7","20.6%","77.8%","2","100.0%","4","10.0%","4","11.8%","100.0%","1","50.0%"
"Alec Pierce","IND","6","8.7%","4","10.8%","66.7%","4","57.1%","4","5.8%","3","8.1%","75.0%","3","42.9%"
"Jayden Reed","GB","11","14.7%","9","16.4%","81.8%","5","83.3%","4","5.3%","3","5.5%","75.0%","2","33.3%"
"Dalton Kincaid","BUF","10","13.3%","5","11.4%","50.0%","2","100.0%","4","5.3%","1","2.3%","25.0%","1","50.0%"
"Tank Dell","HOU","9","11.1%","5","9.8%","55.6%","2","66.7%","4","4.9%","2","3.9%","50.0%","2","66.7%"
"Brenton Strange","JAX","6","11.3%","2","5.0%","33.3%","2","100.0%","4","7.5%","2","5.0%","50.0%","2","100.0%"
"Ja'Tavion Sanders","CAR","6","14.0%","4","12.1%","66.7%","1","100.0%","4","9.3%","3","9.1%","75.0%","1","100.0%"
"Rome Odunze","CHI","18","17.8%","7","13.0%","38.9%","3","100.0%","4","4.0%","2","3.7%","50.0%","2","66.7%"
"Jalen Coker","CAR","6","13.0%","3","9.4%","50.0%","1","50.0%","4","8.7%","1","3.1%","25.0%","0","0.0%"
"Tyler Boyd","TEN","7","12.3%","2","5.1%","28.6%","0","0.0%","3","5.3%","0","0.0%","0.0%","0","0.0%"
"Tyler Higbee","LAR","6","50.0%","2","25.0%","33.3%","2","100.0%","3","25.0%","1","12.5%","33.3%","1","50.0%"
"Samaje Perine","KC","3","8.6%","1","3.6%","33.3%","1","100.0%","3","8.6%","1","3.6%","33.3%","1","100.0%"
"Johnny Mundt","MIN","5","18.5%","3","15.8%","60.0%","2","100.0%","3","11.1%","3","15.8%","100.0%","2","100.0%"
"Dare Ogunbowale","HOU","6","21.4%","2","10.5%","33.3%","1","100.0%","3","10.7%","1","5.3%","33.3%","1","100.0%"
"Calvin Ridley","TEN","8","6.7%","4","6.3%","50.0%","1","25.0%","3","2.5%","1","1.6%","33.3%","0","0.0%"
"Christian Kirk","JAX","5","10.6%","2","7.4%","40.0%","1","100.0%","3","6.4%","1","3.7%","33.3%","1","100.0%"
"Mike Gesicki","CIN","10","12.0%","5","7.7%","50.0%","1","50.0%","3","3.6%","1","1.5%","33.3%","0","0.0%"
"Dallas Goedert","PHI","8","15.4%","5","11.9%","62.5%","2","100.0%","3","5.8%","1","2.4%","33.3%","0","0.0%"
"Allen Lazard","NYJ","12","20.0%","6","16.2%","50.0%","4","66.7%","3","5.0%","2","5.4%","66.7%","2","33.3%"
"Josh Jacobs","GB","4","9.3%","3","8.3%","75.0%","1","100.0%","3","7.0%","2","5.6%","66.7%","1","100.0%"
"Olamide Zaccheaus","WAS","8","12.5%","7","15.6%","87.5%","2","66.7%","3","4.7%","2","4.4%","66.7%","2","66.7%"
"Chuba Hubbard","CAR","11","20.4%","8","18.6%","72.7%","1","100.0%","3","5.6%","3","7.0%","100.0%","1","100.0%"
"Colby Parkinson","LAR","9","18.4%","2","6.7%","22.2%","1","100.0%","3","6.1%","0","0.0%","0.0%","0","0.0%"
"Kyle Pitts Sr.","ATL","12","16.2%","4","8.5%","33.3%","2","50.0%","3","4.1%","0","0.0%","0.0%","0","0.0%"
"Breece Hall","NYJ","9","11.8%","7","12.3%","77.8%","1","33.3%","3","3.9%","2","3.5%","66.7%","1","33.3%"
"Rhamondre Stevenson","NE","11","26.8%","9","27.3%","81.8%","1","100.0%","3","7.3%","2","6.1%","66.7%","1","100.0%"
"Jaylen Waddle","MIA","10","12.0%","6","10.3%","60.0%","1","50.0%","3","3.6%","1","1.7%","33.3%","1","50.0%"
"Rashod Bateman","BAL","8","11.1%","7","15.6%","87.5%","6","66.7%","3","4.2%","2","4.4%","66.7%","2","22.2%"
"Jake Ferguson","DAL","6","7.0%","4","6.8%","66.7%","0","0.0%","3","3.5%","2","3.4%","66.7%","0","0.0%"
"John Metchie III","HOU","9","24.3%","5","20.8%","55.6%","1","100.0%","3","8.1%","0","0.0%","0.0%","0","0.0%"
"Marvin Mims Jr.","DEN","5","9.6%","5","12.8%","100.0%","2","33.3%","3","5.8%","3","7.7%","100.0%","1","16.7%"
"Romeo Doubs","GB","10","13.9%","8","17.4%","80.0%","3","75.0%","3","4.2%","2","4.3%","66.7%","1","25.0%"
"Khalil Shakir","BUF","10","10.0%","9","11.8%","90.0%","2","50.0%","3","3.0%","3","3.9%","100.0%","2","50.0%"
"Jameson Williams","DET","11","12.1%","6","10.3%","54.5%","1","14.3%","3","3.3%","1","1.7%","33.3%","1","14.3%"
"Tucker Kraft","GB","13","18.6%","11","22.0%","84.6%","6","85.7%","3","4.3%","2","4.0%","66.7%","2","28.6%"
"Parker Washington","JAX","7","13.7%","3","9.4%","42.9%","1","33.3%","3","5.9%","2","6.3%","66.7%","1","33.3%"
"Puka Nacua","LAR","13","12.3%","10","12.7%","76.9%","3","100.0%","3","2.8%","1","1.3%","33.3%","1","33.3%"
"Johnny Wilson","PHI","3","20.0%","1","20.0%","33.3%","1","100.0%","3","20.0%","1","20.0%","33.3%","1","100.0%"
"Jalen Brooks","DAL","4","13.3%","1","8.3%","25.0%","1","100.0%","3","10.0%","0","0.0%","0.0%","0","0.0%"
"Ricky Pearsall","SF","7","15.2%","6","19.4%","85.7%","2","66.7%","3","6.5%","2","6.5%","66.7%","2","66.7%"
"AJ Barner","SEA","6","15.8%","6","20.0%","100.0%","4","100.0%","3","7.9%","3","10.0%","100.0%","3","75.0%"
"Devaughn Vele","DEN","7","12.7%","6","14.6%","85.7%","3","100.0%","3","5.5%","3","7.3%","100.0%","3","100.0%"
"Adam Thielen","CAR","8","12.9%","6","12.5%","75.0%","2","40.0%","2","3.2%","1","2.1%","50.0%","1","20.0%"
"Odell Beckham Jr.","MIA","4","22.2%","1","11.1%","25.0%","0","0.0%","2","11.1%","0","0.0%","0.0%","0","0.0%"
"Amari Cooper","BUF","5","5.9%","4","9.1%","80.0%","2","50.0%","2","2.4%","2","4.5%","100.0%","1","25.0%"
"Jamison Crowder","WAS","3","23.1%","3","33.3%","100.0%","2","100.0%","2","15.4%","2","22.2%","100.0%","2","100.0%"
"Michael Burton","DEN","2","20.0%","2","20.0%","100.0%","1","100.0%","2","20.0%","2","20.0%","100.0%","1","100.0%"
"Derrick Henry","BAL","5","22.7%","4","21.1%","80.0%","2","100.0%","2","9.1%","1","5.3%","50.0%","1","50.0%"
"Curtis Samuel","BUF","6","13.0%","3","9.7%","50.0%","1","100.0%","2","4.3%","1","3.2%","50.0%","0","0.0%"
"Josh Reynolds","JAX","3","12.5%","2","15.4%","66.7%","1","100.0%","2","8.3%","1","7.7%","50.0%","1","100.0%"
"Eric Saubert","SF","4","28.6%","3","27.3%","75.0%","1","100.0%","2","14.3%","1","9.1%","50.0%","1","100.0%"
"Noah Brown","WAS","4","7.1%","3","8.6%","75.0%","0","0.0%","2","3.6%","1","2.9%","50.0%","0","0.0%"
"Kendrick Bourne","NE","2","5.3%","1","3.6%","50.0%","1","100.0%","2","5.3%","1","3.6%","50.0%","1","100.0%"
"Saquon Barkley","PHI","10","23.3%","8","24.2%","80.0%","2","100.0%","2","4.7%","1","3.0%","50.0%","0","0.0%"
"DJ Chark","LAC","2","20.0%","1","25.0%","50.0%","1","100.0%","2","20.0%","1","25.0%","50.0%","1","100.0%"
"Dante Pettis","NO","3","10.7%","1","8.3%","33.3%","1","100.0%","2","7.1%","1","8.3%","50.0%","1","100.0%"
"Dalton Schultz","HOU","8","9.4%","6","11.3%","75.0%","1","50.0%","2","2.4%","2","3.8%","100.0%","1","50.0%"
"Durham Smythe","MIA","3","17.6%","1","11.1%","33.3%","0","0.0%","2","11.8%","0","0.0%","0.0%","0","0.0%"
"Will Dissly","LAC","8","12.5%","4","8.0%","50.0%","1","50.0%","2","3.1%","1","2.0%","50.0%","1","50.0%"
"Tanner Hudson","CIN","4","17.4%","4","21.1%","100.0%","1","100.0%","2","8.7%","2","10.5%","100.0%","1","100.0%"
"Mecole Hardman","KC","5","35.7%","4","33.3%","80.0%","0","0.0%","2","14.3%","1","8.3%","50.0%","0","0.0%"
"Justice Hill","BAL","8","15.7%","6","14.3%","75.0%","2","66.7%","2","3.9%","0","0.0%","0.0%","0","0.0%"
"Dawson Knox","BUF","5","15.2%","1","4.5%","20.0%","1","100.0%","2","6.1%","0","0.0%","0.0%","0","0.0%"
"Josh Oliver","MIN","3","10.7%","3","13.6%","100.0%","3","100.0%","2","7.1%","2","9.1%","100.0%","2","66.7%"
"Greg Dortch","ARI","8","16.0%","8","21.6%","100.0%","2","66.7%","2","4.0%","2","5.4%","100.0%","2","66.7%"
"CeeDee Lamb","DAL","16","10.5%","11","10.9%","68.8%","4","66.7%","2","1.3%","1","1.0%","50.0%","1","16.7%"
"Travis Etienne Jr.","JAX","6","11.5%","3","7.7%","50.0%","0","0.0%","2","3.8%","0","0.0%","0.0%","0","0.0%"
"Juwan Johnson","NO","6","9.1%","5","10.0%","83.3%","3","100.0%","2","3.0%","1","2.0%","50.0%","1","33.3%"
"Brandon Aiyuk","SF","6","12.8%","3","12.0%","50.0%","0","0.0%","2","4.3%","1","4.0%","50.0%","0","0.0%"
"Rico Dowdle","DAL","7","14.3%","5","12.8%","71.4%","2","66.7%","2","4.1%","1","2.6%","50.0%","1","33.3%"
"Darnell Mooney","ATL","6","5.7%","2","3.1%","33.3%","1","20.0%","2","1.9%","0","0.0%","0.0%","0","0.0%"
"Kristian Wilkerson","LV","3","100.0%","2","100.0%","66.7%","1","100.0%","2","66.7%","1","50.0%","50.0%","1","100.0%"
"Calvin Austin III","PIT","5","8.6%","2","5.6%","40.0%","0","0.0%","2","3.4%","0","0.0%","0.0%","0","0.0%"
"Elijah Moore","CLE","7","6.9%","4","6.6%","57.1%","0","0.0%","2","2.0%","1","1.6%","50.0%","0","0.0%"
"Joshua Palmer","LAC","7","10.8%","3","7.7%","42.9%","0","0.0%","2","3.1%","1","2.6%","50.0%","0","0.0%"
"Dyami Brown","WAS","4","10.0%","1","3.3%","25.0%","0","0.0%","2","5.0%","0","0.0%","0.0%","0","0.0%"
"Kylen Granson","IND","5","16.1%","3","21.4%","60.0%","0","0.0%","2","6.5%","2","14.3%","100.0%","0","0.0%"
"Brock Wright","DET","4","25.0%","4","30.8%","100.0%","1","50.0%","2","12.5%","2","15.4%","100.0%","1","50.0%"
"Kayshon Boutte","NE","4","5.9%","2","4.7%","50.0%","0","0.0%","2","2.9%","1","2.3%","50.0%","0","0.0%"
"Michael Mayer","LV","7","21.9%","5","23.8%","71.4%","0","0.0%","2","6.3%","1","4.8%","50.0%","0","0.0%"
"Jermaine Burton","CIN","4","28.6%","1","25.0%","25.0%","0","0.0%","2","14.3%","0","0.0%","0.0%","0","0.0%"
"Jahmyr Gibbs","DET","13","20.6%","10","19.2%","76.9%","3","75.0%","2","3.2%","2","3.8%","100.0%","2","50.0%"
"Britain Covey","PHI","2","25.0%","2","28.6%","100.0%","0","0.0%","2","25.0%","2","28.6%","100.0%","0","0.0%"
"Christian Watson","GB","8","15.1%","2","6.9%","25.0%","1","50.0%","2","3.8%","1","3.4%","50.0%","1","50.0%"
"Rashid Shaheed","NO","4","9.8%","2","10.0%","50.0%","0","0.0%","2","4.9%","0","0.0%","0.0%","0","0.0%"
"Davis Allen","LAR","5","38.5%","1","16.7%","20.0%","0","0.0%","2","15.4%","1","16.7%","50.0%","0","0.0%"
"Payne Durham","TB","2","14.3%","2","18.2%","100.0%","2","100.0%","2","14.3%","2","18.2%","100.0%","2","100.0%"
"DeMario Douglas","NE","6","6.9%","4","6.1%","66.7%","1","33.3%","2","2.3%","1","1.5%","50.0%","1","33.3%"
"Quentin Johnston","LAC","12","13.2%","7","12.7%","58.3%","4","50.0%","2","2.2%","2","3.6%","100.0%","2","25.0%"
"Jaleel McLaughlin","DEN","3","11.1%","3","12.5%","100.0%","2","100.0%","2","7.4%","2","8.3%","100.0%","2","100.0%"
"Cedric Tillman","CLE","5","10.2%","2","6.9%","40.0%","1","33.3%","2","4.1%","1","3.4%","50.0%","0","0.0%"
"Malik Heath","GB","2","15.4%","2","20.0%","100.0%","2","100.0%","2","15.4%","2","20.0%","100.0%","2","100.0%"
"Josh Whyle","TEN","4","10.8%","2","7.1%","50.0%","1","100.0%","2","5.4%","1","3.6%","50.0%","0","0.0%"
"Elijah Higgins","ARI","3","12.5%","3","15.0%","100.0%","2","100.0%","2","8.3%","2","10.0%","100.0%","1","50.0%"
"Ja'Lynn Polk","NE","4","12.1%","2","16.7%","50.0%","2","100.0%","2","6.1%","2","16.7%","100.0%","2","100.0%"
"Troy Franklin","DEN","8","15.1%","5","17.9%","62.5%","2","100.0%","2","3.8%","2","7.1%","100.0%","2","100.0%"
"Ray Davis","BUF","2","10.5%","2","11.8%","100.0%","2","66.7%","2","10.5%","2","11.8%","100.0%","2","66.7%"
"Luke McCaffrey","WAS","3","12.5%","2","11.1%","66.7%","0","0.0%","2","8.3%","1","5.6%","50.0%","0","0.0%"
"Robert Woods","HOU","3","10.0%","1","5.0%","33.3%","0","0.0%","1","3.3%","0","0.0%","0.0%","0","0.0%"
"Kyle Juszczyk","SF","2","6.5%","2","10.5%","100.0%","1","50.0%","1","3.2%","1","5.3%","100.0%","1","50.0%"
"Cordarrelle Patterson","PIT","2","14.3%","2","16.7%","100.0%","1","100.0%","1","7.1%","1","8.3%","100.0%","0","0.0%"
"Nelson Agholor","BAL","2","6.9%","2","14.3%","100.0%","2","100.0%","1","3.4%","1","7.1%","100.0%","1","50.0%"
"MyCole Pruitt","PIT","1","10.0%","1","16.7%","100.0%","1","100.0%","1","10.0%","1","16.7%","100.0%","1","100.0%"
"DeAndre Carter","CHI","3","21.4%","2","22.2%","66.7%","0","0.0%","1","7.1%","1","11.1%","100.0%","0","0.0%"
"Chris Manhertz","NYG","1","25.0%","1","33.3%","100.0%","1","100.0%","1","25.0%","1","33.3%","100.0%","1","100.0%"
"Jared Goff","DET","1","100.0%","1","100.0%","100.0%","1","100.0%","1","100.0%","1","100.0%","100.0%","1","100.0%"
"Austin Hooper","NE","8","13.6%","4","8.9%","50.0%","2","66.7%","1","1.7%","1","2.2%","100.0%","1","33.3%"
"Kalif Raymond","DET","2","9.1%","2","11.8%","100.0%","1","50.0%","1","4.5%","1","5.9%","100.0%","1","50.0%"
"Christian McCaffrey","SF","4","21.1%","3","20.0%","75.0%","0","0.0%","1","5.3%","1","6.7%","100.0%","0","0.0%"
"JuJu Smith-Schuster","KC","5","19.2%","4","22.2%","80.0%","2","100.0%","1","3.8%","1","5.6%","100.0%","1","50.0%"
"Mo Alie-Cox","IND","6","27.3%","2","16.7%","33.3%","1","100.0%","1","4.5%","0","0.0%","0.0%","0","0.0%"
"James Conner","ARI","5","9.1%","5","10.6%","100.0%","1","100.0%","1","1.8%","1","2.1%","100.0%","1","100.0%"
"Patrick Ricard","BAL","2","40.0%","2","66.7%","100.0%","1","100.0%","1","20.0%","1","33.3%","100.0%","1","100.0%"
"Austin Ekeler","WAS","3","7.3%","2","5.7%","66.7%","0","0.0%","1","2.4%","1","2.9%","100.0%","0","0.0%"
"River Cracraft","MIA","1","11.1%","1","14.3%","100.0%","0","0.0%","1","11.1%","1","14.3%","100.0%","0","0.0%"
"Nick Chubb","CLE","1","9.1%","1","20.0%","100.0%","1","100.0%","1","9.1%","1","20.0%","100.0%","1","100.0%"
"Justin Watson","KC","4","12.5%","4","18.2%","100.0%","2","100.0%","1","3.1%","1","4.5%","100.0%","1","50.0%"
"Ray-Ray McCloud III","ATL","6","6.9%","4","6.5%","66.7%","1","100.0%","1","1.1%","0","0.0%","0.0%","0","0.0%"
"Marquez Valdes-Scantling","NO","2","4.5%","2","10.5%","100.0%","1","25.0%","1","2.3%","1","5.3%","100.0%","1","25.0%"
"Trent Sherfield Sr.","MIN","1","11.1%","1","12.5%","100.0%","1","100.0%","1","11.1%","1","12.5%","100.0%","1","100.0%"
"Noah Fant","SEA","4","6.3%","2","4.2%","50.0%","1","100.0%","1","1.6%","0","0.0%","0.0%","0","0.0%"
"T.J. Hockenson","MIN","8","12.9%","4","9.8%","50.0%","0","0.0%","1","1.6%","0","0.0%","0.0%","0","0.0%"
"Alec Ingold","MIA","1","8.3%","1","9.1%","100.0%","0","0.0%","1","8.3%","1","9.1%","100.0%","0","0.0%"
"Ty Johnson","BUF","7","28.0%","5","27.8%","71.4%","2","66.7%","1","4.0%","1","5.6%","100.0%","1","33.3%"
"Alexander Mattison","LV","2","4.2%","2","5.6%","100.0%","0","0.0%","1","2.1%","1","2.8%","100.0%","0","0.0%"
"Tony Pollard","TEN","4","7.0%","3","7.3%","75.0%","0","0.0%","1","1.8%","0","0.0%","0.0%","0","0.0%"
"Drew Sample","CIN","2","9.1%","2","10.0%","100.0%","1","100.0%","1","4.5%","1","5.0%","100.0%","1","100.0%"
"Parris Campbell","PHI","1","12.5%","1","16.7%","100.0%","1","100.0%","1","12.5%","1","16.7%","100.0%","1","100.0%"
"Jonathan Taylor","IND","3","9.7%","2","11.1%","66.7%","1","100.0%","1","3.2%","1","5.6%","100.0%","1","100.0%"
"K.J. Osborn","WAS","3","16.7%","2","28.6%","66.7%","0","0.0%","1","5.6%","1","14.3%","100.0%","0","0.0%"
"Zack Moss","CIN","3","11.1%","2","8.7%","66.7%","1","100.0%","1","3.7%","1","4.3%","100.0%","1","100.0%"
"Adam Trautman","DEN","5","22.7%","4","30.8%","80.0%","2","100.0%","1","4.5%","0","0.0%","0.0%","0","0.0%"
"Luke Farrell","JAX","1","5.9%","1","8.3%","100.0%","0","0.0%","1","5.9%","1","8.3%","100.0%","0","0.0%"
"Josiah Deguara","JAX","2","66.7%","2","66.7%","100.0%","0","0.0%","1","33.3%","1","33.3%","100.0%","0","0.0%"
"DeeJay Dallas","ARI","1","33.3%","1","33.3%","100.0%","1","100.0%","1","33.3%","1","33.3%","100.0%","1","100.0%"
"Quintin Morris","BUF","1","12.5%","1","20.0%","100.0%","1","100.0%","1","12.5%","1","20.0%","100.0%","1","100.0%"
"Javonte Williams","DEN","4","5.7%","1","1.9%","25.0%","0","0.0%","1","1.4%","0","0.0%","0.0%","0","0.0%"
"Khalil Herbert","CIN","3","27.3%","2","20.0%","66.7%","0","0.0%","1","9.1%","0","0.0%","0.0%","0","0.0%"
"Chris Olave","NO","6","13.6%","4","12.5%","66.7%","1","100.0%","1","2.3%","0","0.0%","0.0%","0","0.0%"
"Tutu Atwell","LAR","3","4.8%","2","4.8%","66.7%","0","0.0%","1","1.6%","0","0.0%","0.0%","0","0.0%"
"Tommy Tremble","CAR","4","12.5%","3","13.0%","75.0%","2","100.0%","1","3.1%","1","4.3%","100.0%","1","50.0%"
"Charlie Kolar","BAL","1","9.1%","1","11.1%","100.0%","1","100.0%","1","9.1%","1","11.1%","100.0%","1","100.0%"
"Darnell Washington","PIT","1","4.0%","1","5.3%","100.0%","1","100.0%","1","4.0%","1","5.3%","100.0%","1","100.0%"
"Rakim Jarrett","TB","2","18.2%","1","11.1%","50.0%","0","0.0%","1","9.1%","0","0.0%","0.0%","0","0.0%"
"Bijan Robinson","ATL","7","9.7%","7","11.5%","100.0%","1","100.0%","1","1.4%","1","1.6%","100.0%","1","100.0%"
"Eric Gray","NYG","2","18.2%","1","10.0%","50.0%","0","0.0%","1","9.1%","0","0.0%","0.0%","0","0.0%"
"Kenneth Walker III","SEA","10","18.9%","8","17.4%","80.0%","1","100.0%","1","1.9%","0","0.0%","0.0%","0","0.0%"
"James Cook","BUF","5","13.2%","4","12.5%","80.0%","2","100.0%","1","2.6%","1","3.1%","100.0%","1","50.0%"
"Tyler Goodson","IND","2","13.3%","2","18.2%","100.0%","1","100.0%","1","6.7%","1","9.1%","100.0%","1","100.0%"
"Jordan Mason","SF","3","21.4%","2","18.2%","66.7%","0","0.0%","1","7.1%","0","0.0%","0.0%","0","0.0%"
"Isiah Pacheco","KC","1","6.3%","1","8.3%","100.0%","0","0.0%","1","6.3%","1","8.3%","100.0%","0","0.0%"
"Michael Woods II","CLE","3","17.6%","1","14.3%","33.3%","0","0.0%","1","5.9%","0","0.0%","0.0%","0","0.0%"
"Jaylen Warren","PIT","7","14.6%","3","7.9%","42.9%","0","0.0%","1","2.1%","0","0.0%","0.0%","0","0.0%"
"Grant Calcaterra","PHI","3","10.0%","2","8.3%","66.7%","1","100.0%","1","3.3%","1","4.2%","100.0%","1","100.0%"
"Deven Thompkins","CAR","1","25.0%","1","25.0%","100.0%","0","0.0%","1","25.0%","1","25.0%","100.0%","0","0.0%"
"KaVontae Turpin","DAL","6","11.5%","3","9.7%","50.0%","1","50.0%","1","1.9%","0","0.0%","0.0%","0","0.0%"
"Rashee Rice","KC","2","6.9%","2","8.3%","100.0%","1","50.0%","1","3.4%","1","4.2%","100.0%","0","0.0%"
"Luke Musgrave","GB","1","10.0%","1","14.3%","100.0%","0","0.0%","1","10.0%","1","14.3%","100.0%","0","0.0%"
"Tre Tucker","LV","5","6.2%","5","10.6%","100.0%","2","66.7%","1","1.2%","1","2.1%","100.0%","1","33.3%"
"Jake Bobo","SEA","2","11.8%","2","15.4%","100.0%","1","100.0%","1","5.9%","1","7.7%","100.0%","1","100.0%"
"Blake Whiteheart","CLE","2","22.2%","2","33.3%","100.0%","1","100.0%","1","11.1%","1","16.7%","100.0%","1","100.0%"
"Julian Hill","MIA","5","26.3%","3","25.0%","60.0%","0","0.0%","1","5.3%","1","8.3%","100.0%","0","0.0%"
"Ryan Miller","TB","3","15.0%","2","16.7%","66.7%","2","100.0%","1","5.0%","1","8.3%","100.0%","1","50.0%"
"Xavier Gipson","NYJ","1","10.0%","1","16.7%","100.0%","1","100.0%","1","10.0%","1","16.7%","100.0%","1","100.0%"
"Ben Sims","GB","2","40.0%","1","25.0%","50.0%","0","0.0%","1","20.0%","1","25.0%","100.0%","0","0.0%"
"Nate Adkins","DEN","4","26.7%","4","28.6%","100.0%","3","100.0%","1","6.7%","1","7.1%","100.0%","1","33.3%"
"E.J. Jenkins","PHI","2","100.0%","1","100.0%","50.0%","1","100.0%","1","50.0%","1","100.0%","100.0%","1","100.0%"
"Jaylen Wright","MIA","1","16.7%","1","33.3%","100.0%","0","0.0%","1","16.7%","1","33.3%","100.0%","0","0.0%"
"Jacob Cowing","SF","3","50.0%","2","50.0%","66.7%","0","0.0%","1","16.7%","0","0.0%","0.0%","0","0.0%"
"Ben Sinnott","WAS","1","20.0%","1","20.0%","100.0%","1","100.0%","1","20.0%","1","20.0%","100.0%","1","100.0%"
"Cade Stover","HOU","3","13.6%","3","20.0%","100.0%","1","100.0%","1","4.5%","1","6.7%","100.0%","0","0.0%"
"Isaiah Davis","NYJ","3","25.0%","2","22.2%","66.7%","1","100.0%","1","8.3%","1","11.1%","100.0%","1","100.0%"
"Bo Nix","DEN","1","100.0%","1","100.0%","100.0%","1","100.0%","1","100.0%","1","100.0%","100.0%","1","100.0%"
"Tyrone Tracy Jr.","NYG","4","7.5%","4","10.5%","100.0%","1","100.0%","1","1.9%","1","2.6%","100.0%","1","100.0%"
"Will Shipley","PHI","1","25.0%","1","25.0%","100.0%","0","0.0%","1","25.0%","1","25.0%","100.0%","0","0.0%"
"Malik Washington","MIA","2","5.6%","2","7.7%","100.0%","0","0.0%","1","2.8%","1","3.8%","100.0%","0","0.0%"
"Bub Means","NO","1","6.7%","1","11.1%","100.0%","1","100.0%","1","6.7%","1","11.1%","100.0%","1","100.0%"
"Cam Grandy","CIN","2","40.0%","2","40.0%","100.0%","0","0.0%","1","20.0%","1","20.0%","100.0%","0","0.0%"
"Raheem Mostert","MIA","2","8.7%","1","5.3%","50.0%","0","0.0%","0","0.0%","0","0.0%","0.0%","0","0.0%"
"Ezekiel Elliott","DAL","2","13.3%","1","8.3%","50.0%","0","0.0%","0","0.0%","0","0.0%","0.0%","0","0.0%"
"Alvin Kamara","NO","6","6.7%","3","4.4%","50.0%","0","0.0%","0","0.0%","0","0.0%","0.0%","0","0.0%"
"Evan Engram","JAX","5","7.8%","4","8.5%","80.0%","1","100.0%","0","0.0%","0","0.0%","0.0%","0","0.0%"
"Jeremy McNichols","WAS","2","16.7%","2","22.2%","100.0%","0","0.0%","0","0.0%","0","0.0%","0.0%","0","0.0%"
"Taysom Hill","NO","2","6.5%","2","8.7%","100.0%","0","0.0%","0","0.0%","0","0.0%","0.0%","0","0.0%"
"Cedrick Wilson Jr.","NO","1","3.7%","1","5.0%","100.0%","1","100.0%","0","0.0%","0","0.0%","0.0%","0","0.0%"
"Brandon Powell","MIN","1","10.0%","1","14.3%","100.0%","0","0.0%","0","0.0%","0","0.0%","0.0%","0","0.0%"
"David Montgomery","DET","3","7.9%","3","8.3%","100.0%","0","0.0%","0","0.0%","0","0.0%","0.0%","0","0.0%"
"Miles Sanders","CAR","4","13.3%","3","12.5%","75.0%","0","0.0%","0","0.0%","0","0.0%","0.0%","0","0.0%"
"Marquise Brown","KC","2","13.3%","1","11.1%","50.0%","0","0.0%","0","0.0%","0","0.0%","0.0%","0","0.0%"
"J.K. Dobbins","LAC","5","13.2%","5","15.6%","100.0%","0","0.0%","0","0.0%","0","0.0%","0.0%","0","0.0%"
"Devin Duvernay","JAX","2","12.5%","2","18.2%","100.0%","0","0.0%","0","0.0%","0","0.0%","0.0%","0","0.0%"
"JaMycal Hasty","NE","1","8.3%","1","10.0%","100.0%","1","100.0%","0","0.0%","0","0.0%","0.0%","0","0.0%"
"Najee Harris","PIT","4","8.3%","4","11.1%","100.0%","0","0.0%","0","0.0%","0","0.0%","0.0%","0","0.0%"
"Trey Sermon","IND","3","15.8%","2","12.5%","66.7%","0","0.0%","0","0.0%","0","0.0%","0.0%","0","0.0%"
"Ty Chandler","MIN","1","16.7%","1","16.7%","100.0%","0","0.0%","0","0.0%","0","0.0%","0.0%","0","0.0%"
"Antonio Gibson","NE","2","6.9%","2","8.7%","100.0%","0","0.0%","0","0.0%","0","0.0%","0.0%","0","0.0%"
"Kenny Yeboah","NYJ","1","12.5%","1","20.0%","100.0%","1","100.0%","0","0.0%","0","0.0%","0.0%","0","0.0%"
"Peyton Hendershot","KC","1","20.0%","1","20.0%","100.0%","0","0.0%","0","0.0%","0","0.0%","0.0%","0","0.0%"
"Jeremy Ruckert","NYJ","3","10.7%","2","11.1%","66.7%","0","0.0%","0","0.0%","0","0.0%","0.0%","0","0.0%"
"Michael Carter","ARI","2","18.2%","2","18.2%","100.0%","0","0.0%","0","0.0%","0","0.0%","0.0%","0","0.0%"
"Kenneth Gainwell","PHI","3","13.6%","3","18.8%","100.0%","0","0.0%","0","0.0%","0","0.0%","0.0%","0","0.0%"
"Tylan Wallace","BAL","1","8.3%","1","9.1%","100.0%","0","0.0%","0","0.0%","0","0.0%","0.0%","0","0.0%"
"Ronnie Bell","SF","1","16.7%","1","50.0%","100.0%","0","0.0%","0","0.0%","0","0.0%","0.0%","0","0.0%"
"DJ Turner","LV","4","13.8%","1","6.3%","25.0%","1","100.0%","0","0.0%","0","0.0%","0.0%","0","0.0%"
"John Bates","WAS","1","7.7%","1","12.5%","100.0%","0","0.0%","0","0.0%","0","0.0%","0.0%","0","0.0%"
"Ainias Smith","PHI","1","11.1%","1","14.3%","100.0%","1","100.0%","0","0.0%","0","0.0%","0.0%","0","0.0%"
"David Bell","CLE","1","33.3%","1","33.3%","100.0%","0","0.0%","0","0.0%","0","0.0%","0.0%","0","0.0%"
"Zach Charbonnet","SEA","1","1.9%","1","2.4%","100.0%","0","0.0%","0","0.0%","0","0.0%","0.0%","0","0.0%"
"Brian Robinson Jr.","WAS","4","16.0%","2","10.0%","50.0%","0","0.0%","0","0.0%","0","0.0%","0.0%","0","0.0%"
"Chris Brooks","GB","3","23.1%","2","18.2%","66.7%","0","0.0%","0","0.0%","0","0.0%","0.0%","0","0.0%"
"Sincere McCormick","LV","1","14.3%","1","16.7%","100.0%","0","0.0%","0","0.0%","0","0.0%","0.0%","0","0.0%"
"Jerome Ford","CLE","1","2.3%","1","2.7%","100.0%","0","0.0%","0","0.0%","0","0.0%","0.0%","0","0.0%"
"Pierre Strong Jr.","CLE","1","4.5%","1","7.1%","100.0%","0","0.0%","0","0.0%","0","0.0%","0.0%","0","0.0%"
"Tyler Badie","DEN","1","33.3%","1","33.3%","100.0%","0","0.0%","0","0.0%","0","0.0%","0.0%","0","0.0%"
"Tyler Allgeier","ATL","1","7.7%","1","7.7%","100.0%","0","0.0%","0","0.0%","0","0.0%","0.0%","0","0.0%"
"Tyquan Thornton","NE","1","12.5%","1","25.0%","100.0%","0","0.0%","0","0.0%","0","0.0%","0.0%","0","0.0%"
"Bo Melton","GB","1","5.9%","1","12.5%","100.0%","0","0.0%","0","0.0%","0","0.0%","0.0%","0","0.0%"
"Daniel Bellinger","NYG","1","5.9%","1","7.1%","100.0%","0","0.0%","0","0.0%","0","0.0%","0.0%","0","0.0%"
"Connor Heyward","PIT","1","12.5%","1","16.7%","100.0%","1","100.0%","0","0.0%","0","0.0%","0.0%","0","0.0%"
"Chig Okonkwo","TEN","5","7.1%","3","5.8%","60.0%","1","50.0%","0","0.0%","0","0.0%","0.0%","0","0.0%"
"Drew Ogletree","IND","3","21.4%","2","22.2%","66.7%","1","100.0%","0","0.0%","0","0.0%","0.0%","0","0.0%"
"Stone Smartt","LAC","1","5.3%","1","6.3%","100.0%","0","0.0%","0","0.0%","0","0.0%","0.0%","0","0.0%"
"Tanner Conner","MIA","1","25.0%","1","33.3%","100.0%","0","0.0%","0","0.0%","0","0.0%","0.0%","0","0.0%"
"Derius Davis","LAC","2","11.8%","2","15.4%","100.0%","1","50.0%","0","0.0%","0","0.0%","0.0%","0","0.0%"
"Tyjae Spears","TEN","3","8.6%","3","10.0%","100.0%","1","100.0%","0","0.0%","0","0.0%","0.0%","0","0.0%"
"Trey Palmer","TB","2","9.1%","2","16.7%","100.0%","1","100.0%","0","0.0%","0","0.0%","0.0%","0","0.0%"
"Emanuel Wilson","GB","2","14.3%","2","18.2%","100.0%","0","0.0%","0","0.0%","0","0.0%","0.0%","0","0.0%"
"Jordan Mims","NO","1","5.6%","1","8.3%","100.0%","0","0.0%","0","0.0%","0","0.0%","0.0%","0","0.0%"
"Roschon Johnson","CHI","2","10.0%","1","6.3%","50.0%","0","0.0%","0","0.0%","0","0.0%","0.0%","0","0.0%"
"Emari Demercado","ARI","4","20.0%","4","25.0%","100.0%","0","0.0%","0","0.0%","0","0.0%","0.0%","0","0.0%"
"Braelon Allen","NYJ","1","3.7%","1","5.3%","100.0%","1","100.0%","0","0.0%","0","0.0%","0.0%","0","0.0%"
"Carson Steele","KC","2","18.2%","1","14.3%","50.0%","0","0.0%","0","0.0%","0","0.0%","0.0%","0","0.0%"
"Jonathon Brooks","CAR","2","66.7%","2","66.7%","100.0%","0","0.0%","0","0.0%","0","0.0%","0.0%","0","0.0%"
"Blake Watson","DEN","1","50.0%","1","100.0%","100.0%","0","0.0%","0","0.0%","0","0.0%","0.0%","0","0.0%"
"Devin Culp","TB","2","33.3%","1","20.0%","50.0%","0","0.0%","0","0.0%","0","0.0%","0.0%","0","0.0%"
"Erick All Jr.","CIN","2","9.1%","2","10.0%","100.0%","0","0.0%","0","0.0%","0","0.0%","0.0%","0","0.0%"
"Mason Tipton","NO","1","3.8%","1","7.1%","100.0%","0","0.0%","0","0.0%","0","0.0%","0.0%","0","0.0%"